State,City,PlaceFIPS,ACCESS2,ARTHRITIS,BINGE,BPHIGH,BPMED,CANCER,CASTHMA,CHD,CHECKUP,CHOLSCREEN,COLON_SCREEN,COPD,COREM,COREW,CSMOKING,DENTAL,DIABETES,HIGHCHOL,KIDNEY,LPA,MAMMOUSE,MHLTH,OBESITY,PAPTEST,PHLTH,SLEEP,STROKE,TEETHLOST
AL,Birmingham,107000,21.4,32.6,11.4,45.9,70.5,6.1,11.4,7.6,77.3,74.4,62.7,9.4,30.3,27.9,22.0,49.1,16.1,35.4,3.3,31.7,79.7,17.0,39.0,80.1,18.3,46.9,5.0,25.9
AL,Hoover,135896,10.2,25.3,15.7,31.9,63.8,6.8,8.2,5.4,73.9,77.0,73.6,5.3,42.3,42.2,13.2,72.7,7.7,35.0,2.2,17.8,82.1,10.8,24.7,86.3,10.0,34.6,2.2,9.5
AL,Huntsville,137000,16.3,29.4,12.3,36.7,66.9,6.5,9.6,6.7,70.8,76.2,65.8,7.5,39.7,36.9,21.3,60.5,10.7,35.8,2.6,24.9,80.0,14.0,32.0,83.5,13.9,39.7,3.2,14.7
AL,Mobile,150000,19.1,31.8,12.8,43.0,69.3,6.5,10.7,7.6,72.4,73.2,62.7,8.7,34.3,32.2,22.0,52.6,13.8,37.6,3.1,27.4,80.1,15.8,37.6,81.9,16.3,42.2,4.1,24.1
AL,Montgomery,151000,18.5,31.4,12.2,40.6,70.3,6.4,10.8,7.2,75.2,75.1,63.3,8.6,32.1,27.7,21.3,57.1,13.3,36.9,3.1,27.9,80.2,15.5,36.8,83.0,16.2,41.3,4.1,21.2
AL,Tuscaloosa,177256,18.5,32.3,12.1,40.0,69.0,6.5,10.9,7.4,74.3,74.4,64.2,9.1,36.0,33.7,23.2,56.4,13.6,38.7,2.9,28.6,79.8,15.9,38.5,81.0,16.6,41.4,4.1,20.6
AK,Anchorage,203000,14.5,21.3,20.2,30.2,49.0,6.2,8.6,5.0,60.7,70.2,60.3,5.0,33.4,29.0,18.3,66.0,8.2,32.9,2.3,19.2,70.4,9.4,27.7,79.9,9.9,33.4,2.6,13.0
AZ,Avondale,404720,21.4,23.0,14.7,28.4,56.0,5.5,9.9,6.1,64.8,70.7,59.0,6.5,29.1,27.5,18.5,56.7,11.0,33.9,3.6,24.3,77.2,12.6,30.1,80.3,13.5,36.2,3.1,16.1
AZ,Chandler,412000,12.3,21.2,16.2,26.0,54.8,6.0,9.1,5.0,66.1,72.8,67.0,5.3,34.5,35.2,15.3,68.0,7.7,33.1,3.1,17.4,80.3,10.2,24.5,83.5,9.7,32.9,2.4,9.9
AZ,Gilbert,427400,9.7,20.8,17.2,25.3,54.2,6.1,9.0,4.8,66.3,73.8,69.0,4.9,35.7,36.9,14.7,71.2,7.1,32.8,3.0,15.6,81.2,9.6,23.5,85.0,8.8,32.0,2.2,8.3
AZ,Glendale,427820,20.5,23.8,14.7,28.3,56.4,5.9,10.2,6.1,64.3,70.3,60.4,7.2,31.5,30.4,19.8,57.1,9.9,34.1,3.5,23.7,76.7,13.0,29.6,78.6,13.5,35.8,3.1,14.8
AZ,Mesa,446000,17.1,23.4,15.6,27.5,55.7,6.1,10.1,5.9,64.4,71.1,62.9,6.9,33.1,32.4,19.3,60.6,8.9,33.8,3.4,21.3,77.5,12.4,28.3,80.4,12.3,34.7,2.9,13.2
AZ,Peoria,454050,13.2,22.4,16.6,26.1,54.8,6.2,9.6,5.3,65.4,72.9,65.7,6.0,34.4,34.6,17.4,65.8,7.9,33.1,3.2,18.6,79.1,11.2,26.0,82.7,10.6,33.5,2.5,10.9
AZ,Phoenix,455000,22.2,23.6,14.5,28.9,56.7,5.9,10.2,6.1,64.1,69.7,60.1,7.1,31.7,30.7,19.6,56.4,10.2,34.3,3.6,24.1,76.7,13.1,30.1,78.5,13.8,35.6,3.1,14.6
AZ,Scottsdale,465000,9.3,20.8,17.1,25.6,54.4,6.3,9.0,4.7,66.1,73.3,70.1,4.9,37.1,37.7,14.0,72.3,6.5,33.0,3.0,14.6,81.4,9.4,23.2,85.1,8.5,30.8,2.1,7.7
AZ,Surprise,471510,13.4,22.3,16.4,26.3,55.0,6.2,9.6,5.3,65.5,72.9,66.3,5.9,35.1,35.3,17.4,65.6,7.9,33.1,3.2,18.5,79.6,11.2,26.3,82.9,10.5,33.7,2.5,10.6
AZ,Tempe,473000,14.7,22.5,15.3,28.2,56.4,6.1,9.7,5.5,64.9,70.4,64.5,6.2,34.0,33.5,17.5,62.9,8.5,34.1,3.3,19.4,78.8,11.5,27.2,80.5,11.3,34.0,2.7,10.7
AZ,Tucson,477000,20.6,23.8,13.7,29.6,56.2,6.0,10.4,6.1,62.9,69.9,58.0,7.4,29.3,30.1,19.2,56.9,10.0,35.0,3.7,22.6,73.5,13.3,30.4,75.7,13.8,34.8,3.1,13.5
AZ,Yuma,485540,23.6,22.4,15.2,31.7,56.1,5.6,9.4,6.4,62.8,68.1,52.8,7.0,31.6,24.8,17.7,53.9,11.1,34.5,3.7,24.9,75.2,13.2,33.3,78.7,14.0,36.0,3.1,16.0
AR,Fayetteville,523290,14.0,24.8,15.3,32.2,62.1,6.4,8.9,6.8,63.6,68.2,59.1,7.1,34.6,31.9,21.3,60.4,9.3,33.5,2.7,25.0,71.1,12.5,30.4,78.8,12.9,33.5,2.8,15.6
AR,Fort Smith,524550,22.0,27.1,13.1,37.6,62.4,6.2,9.8,8.0,65.0,68.1,56.1,9.1,29.7,30.3,26.1,54.1,11.6,34.5,3.1,33.9,72.8,15.4,35.8,74.0,17.1,38.0,3.6,21.5
AR,Jonesboro,535710,17.1,25.9,14.4,36.3,64.8,6.4,9.4,7.4,65.3,69.6,58.9,8.0,32.6,31.6,24.3,57.1,10.3,34.8,2.9,30.1,70.1,13.9,32.9,78.6,14.6,35.8,3.2,18.7
AR,Little Rock,541000,16.6,25.2,13.8,38.2,67.5,6.1,9.3,6.7,69.2,74.3,64.4,6.7,35.5,33.2,20.8,61.3,11.8,35.5,3.0,26.7,78.2,12.5,31.0,82.8,12.9,36.5,3.4,15.8
AR,Springdale,566080,25.3,26.5,13.9,32.5,61.4,6.1,9.5,8.0,61.7,66.8,51.5,9.0,30.4,27.5,25.6,49.2,11.9,34.1,3.2,33.6,66.2,15.2,34.5,73.7,17.1,36.2,3.5,24.4
CA,Alameda,600562,10.7,18.5,15.0,24.3,51.5,5.7,7.9,4.5,66.0,74.0,67.5,4.3,33.5,30.1,11.9,69.9,8.1,31.3,2.2,18.7,80.2,9.8,18.7,81.7,9.6,32.3,2.2,7.5
CA,Alhambra,600884,17.9,16.6,12.0,26.2,51.1,4.5,6.8,4.6,67.0,73.1,55.9,4.0,22.4,25.3,12.2,61.4,10.9,35.3,2.3,24.8,79.7,10.1,18.1,73.7,11.4,38.4,2.3,8.8
CA,Anaheim,602000,22.1,19.2,16.3,27.5,52.5,5.3,8.4,5.6,64.4,73.8,58.9,5.5,24.7,27.2,15.2,59.9,10.5,32.0,2.6,26.2,78.8,12.5,23.3,78.5,13.4,33.8,2.7,11.4
CA,Antioch,602252,16.8,21.3,15.8,29.7,53.4,5.7,9.1,5.8,65.4,74.8,62.6,5.9,27.5,25.8,16.1,62.7,10.3,32.1,2.6,24.4,79.1,12.6,30.5,81.9,13.2,37.9,2.9,12.2
CA,Apple Valley,602364,16.9,22.4,16.9,29.0,53.1,6.1,9.5,6.1,65.1,71.6,61.3,6.9,29.6,27.9,18.1,58.9,10.0,32.5,2.6,23.1,78.6,13.7,27.0,81.6,14.0,36.7,3.0,12.7
CA,Bakersfield,603526,20.9,21.5,16.8,31.6,53.8,5.8,9.1,6.2,66.2,71.5,60.7,6.4,26.0,26.8,17.6,61.5,10.9,34.8,2.8,27.1,76.9,13.5,30.3,80.6,14.3,34.8,3.1,13.7
CA,Baldwin Park,603666,30.1,19.0,14.3,27.4,50.5,4.5,7.9,6.1,64.5,72.4,50.9,5.1,20.0,20.3,15.3,52.3,13.7,35.7,2.9,30.0,77.4,13.3,27.4,77.5,16.1,38.9,2.9,12.7
CA,Bellflower,604982,22.9,20.1,14.9,28.8,52.6,5.3,8.5,6.0,66.7,73.7,56.9,5.8,23.2,23.9,16.0,57.2,11.9,35.1,2.7,25.9,79.1,13.0,27.4,79.6,14.6,39.0,3.0,11.7
CA,Berkeley,606000,9.9,19.1,15.8,25.9,52.3,6.1,8.2,4.7,66.0,73.4,70.3,4.3,35.5,30.7,11.3,71.4,7.8,31.4,2.2,16.5,81.4,9.8,21.0,84.1,9.4,30.9,2.3,6.5
CA,Buena Park,608786,17.8,18.2,15.8,26.9,52.6,5.2,7.9,5.0,65.5,74.4,60.1,4.9,25.1,28.6,14.0,63.2,9.9,31.7,2.4,24.4,79.8,11.2,20.5,77.8,11.8,33.9,2.5,9.7
CA,Burbank,608954,12.6,18.5,17.7,25.4,49.8,6.0,7.9,5.2,66.9,76.1,65.1,4.8,27.7,29.4,13.4,69.7,8.3,34.2,2.3,18.0,81.6,10.7,21.9,83.6,10.8,34.2,2.3,7.6
CA,Carlsbad,611194,8.8,18.8,19.7,24.8,51.0,6.3,7.8,4.8,66.8,76.1,69.4,4.5,32.8,31.6,11.6,73.0,7.2,30.3,2.2,15.8,81.4,9.8,20.1,85.7,8.9,31.4,2.1,6.8
CA,Carson,611530,18.7,18.4,14.0,28.7,52.6,4.9,7.9,5.2,68.9,75.2,60.0,4.5,22.0,25.1,13.7,61.0,11.7,34.1,2.6,23.8,81.9,11.2,24.4,80.2,12.3,39.8,2.9,9.9
CA,Chico,613014,13.4,22.1,18.4,29.9,50.3,6.5,9.4,5.8,61.8,72.3,62.3,6.5,29.0,29.3,17.0,62.9,8.6,34.0,2.4,20.6,78.1,13.0,27.1,81.3,12.7,33.5,2.8,10.5
CA,Chino,613210,17.3,19.7,16.9,27.4,51.2,5.3,8.2,5.5,65.7,72.3,61.7,5.1,28.0,26.8,14.2,61.5,10.4,32.0,2.5,22.4,80.5,11.5,24.7,83.8,12.4,36.0,2.6,11.2
CA,Chino Hills,613214,10.6,17.3,15.9,25.6,50.6,5.2,7.2,4.3,67.6,73.4,66.7,3.8,30.2,31.7,10.7,70.2,8.3,31.4,2.1,17.8,83.1,8.9,18.6,83.9,9.0,34.2,2.0,7.2
CA,Chula Vista,613392,19.2,19.0,16.6,26.1,51.7,5.1,7.7,5.4,66.2,73.9,60.7,4.8,27.0,24.7,12.8,61.5,11.1,30.9,2.7,24.0,79.3,11.4,23.9,82.1,12.1,35.7,2.5,11.2
CA,Citrus Heights,613588,13.1,21.9,18.3,28.9,52.9,6.3,9.4,5.9,62.8,74.3,64.6,6.6,29.8,28.7,18.9,63.6,8.8,30.9,2.5,20.4,80.0,13.2,26.8,83.1,12.8,32.2,2.8,12.5
CA,Clovis,614218,13.3,20.4,17.6,27.7,51.7,6.0,8.7,5.5,64.8,71.4,66.5,5.7,31.2,29.7,13.8,68.9,8.9,32.6,2.3,21.8,79.0,11.9,23.6,82.7,11.6,29.6,2.6,10.4
CA,Compton,615044,32.4,23.0,13.5,34.5,55.4,5.0,10.2,7.3,67.3,72.6,52.5,7.1,17.7,18.5,19.4,46.1,16.5,35.3,3.4,32.2,79.2,16.1,35.5,78.9,19.1,43.2,4.6,19.1
CA,Concord,616000,15.3,20.1,16.9,27.5,51.4,5.9,8.5,5.3,64.4,74.8,65.6,5.2,30.4,29.4,14.5,67.1,8.7,32.0,2.4,21.6,80.0,11.5,27.5,82.6,11.7,35.1,2.4,9.3
CA,Corona,616350,16.9,20.3,16.8,29.1,49.0,5.7,8.4,5.4,66.8,74.7,63.6,5.2,26.3,28.5,14.6,65.2,9.7,33.0,2.5,23.3,81.2,11.6,26.3,83.0,12.1,36.5,2.6,11.4
CA,Costa Mesa,616532,15.9,19.2,18.4,26.8,51.9,5.9,8.4,5.4,64.8,75.1,63.5,5.4,27.5,30.1,14.4,66.4,8.8,31.6,2.4,21.3,80.0,11.6,22.2,81.8,11.8,31.6,2.5,9.4
CA,Daly City,617918,13.9,17.0,12.7,25.0,52.3,4.6,6.9,4.3,66.0,75.1,61.1,3.7,26.1,30.1,11.1,66.1,9.6,31.3,2.2,23.2,80.9,9.2,17.6,76.3,9.7,35.1,2.1,8.6
CA,Downey,619766,22.7,18.6,16.0,26.4,50.0,5.2,7.7,5.7,66.1,74.3,58.7,4.8,24.1,24.8,13.5,61.4,11.2,34.8,2.7,23.8,80.3,11.8,26.3,82.7,13.3,36.5,2.6,9.8
CA,El Cajon,621712,19.7,22.9,17.1,28.5,53.8,6.0,9.6,6.5,64.5,72.8,58.8,7.7,28.0,24.8,19.2,55.5,10.8,31.7,2.8,26.1,75.6,14.9,27.1,78.3,15.1,36.9,3.3,14.4
CA,Elk Grove,622020,11.4,19.0,15.8,28.7,53.4,5.5,8.2,4.9,65.4,74.6,66.1,4.7,28.8,29.8,14.3,67.0,9.0,30.4,2.3,19.3,82.6,10.6,22.3,82.7,10.4,32.9,2.4,9.8
CA,El Monte,622230,32.2,19.6,12.7,28.7,51.7,4.4,8.2,6.3,63.8,70.7,47.4,5.8,19.1,19.8,17.0,47.9,14.4,36.5,2.9,33.0,75.2,14.2,26.4,71.8,17.4,40.4,3.2,14.7
CA,Escondido,622804,23.1,21.7,16.7,27.3,52.6,5.7,9.0,6.3,64.1,72.6,59.1,6.8,27.7,24.9,17.1,55.5,11.1,31.6,2.8,26.7,76.4,14.1,26.5,78.9,14.7,36.4,3.1,14.1
CA,Fairfield,623182,15.8,21.2,16.4,29.7,54.6,5.6,8.9,5.6,65.2,73.8,63.4,5.7,27.0,28.3,15.8,63.0,10.2,32.3,2.6,22.8,78.5,12.2,26.7,79.9,12.5,35.3,2.9,12.2
CA,Folsom,624638,8.9,18.4,19.5,27.1,51.7,6.2,7.8,4.7,65.0,76.2,71.4,4.3,33.0,33.8,13.5,72.7,7.1,29.9,2.1,15.2,84.1,9.5,21.8,87.1,8.9,29.8,2.1,7.5
CA,Fontana,624680,23.4,21.0,15.5,29.2,52.5,5.1,8.9,6.1,65.2,70.7,57.2,5.9,25.4,23.4,15.6,54.9,12.4,32.6,2.8,26.6,78.8,13.2,28.1,81.8,15.0,37.7,3.1,15.0
CA,Fremont,626000,10.3,16.7,13.7,23.1,50.4,5.1,6.9,4.1,66.5,74.1,67.7,3.5,33.0,30.6,10.1,71.2,8.0,31.1,2.0,18.7,81.1,8.4,15.6,81.0,8.5,32.5,1.9,6.9
CA,Fresno,627000,24.3,22.2,14.7,31.4,54.3,5.5,9.6,6.6,63.3,67.7,58.0,7.1,27.4,25.1,16.8,56.3,12.3,34.0,2.8,30.3,75.5,14.8,28.7,76.7,16.2,32.9,3.4,15.2
CA,Fullerton,628000,16.5,18.3,16.3,26.9,52.5,5.5,8.0,5.0,65.4,74.4,62.2,4.9,26.8,30.3,13.7,65.3,9.1,31.7,2.3,22.5,80.2,11.1,20.6,79.0,11.4,32.7,2.4,8.6
CA,Garden Grove,629000,20.8,18.5,14.5,27.4,52.8,4.9,7.9,5.3,64.6,73.3,55.9,5.3,22.9,26.6,15.4,58.0,10.8,32.2,2.5,28.1,77.7,12.0,19.9,73.2,13.0,35.6,2.7,11.8
CA,Glendale,630000,14.4,19.6,16.2,26.7,51.0,6.0,8.4,5.6,66.1,74.6,61.4,5.8,26.6,27.3,15.3,65.2,9.0,34.9,2.4,20.5,79.5,12.0,22.5,79.8,12.3,35.3,2.7,9.6
CA,Hawthorne,632548,24.0,20.6,14.3,31.1,54.3,5.2,9.1,6.2,68.0,73.9,56.6,5.8,21.9,22.6,16.4,55.2,13.2,34.9,2.9,26.6,80.0,13.6,30.1,80.6,15.3,40.3,3.4,12.4
CA,Hayward,633000,18.7,20.0,14.4,25.7,52.0,5.3,8.4,5.4,65.1,73.1,62.0,5.2,29.7,25.6,14.5,60.4,10.8,31.5,2.6,24.7,78.1,11.9,23.8,80.0,12.7,35.6,2.8,11.4
CA,Hemet,633182,22.6,24.1,15.4,32.1,51.2,6.1,10.1,6.8,64.8,72.3,56.6,8.0,25.3,25.5,20.5,54.9,11.1,34.3,2.8,29.1,76.2,15.4,31.5,77.6,16.6,39.0,3.4,16.5
CA,Hesperia,633434,22.2,23.2,15.9,29.8,52.9,5.8,9.7,6.8,63.8,70.1,56.0,7.6,26.9,23.8,19.1,53.0,11.7,33.2,2.8,26.8,76.2,14.9,29.2,79.7,16.3,37.6,3.4,16.3
CA,Huntington Beach,636000,11.1,18.2,19.6,25.4,51.3,6.1,8.0,4.8,65.8,76.7,67.7,4.7,29.1,33.1,13.2,71.9,7.4,30.9,2.2,18.0,81.9,10.4,19.6,83.5,9.8,30.4,2.2,7.1
CA,Indio,636448,27.7,22.1,15.4,30.9,49.7,5.6,9.1,6.5,64.4,72.0,57.1,6.4,25.9,25.9,17.3,55.3,11.8,34.2,2.9,29.6,77.8,14.3,31.6,79.4,16.3,38.0,3.1,14.6
CA,Inglewood,636546,26.3,22.0,13.8,34.3,55.8,5.2,9.9,6.5,69.3,74.1,57.6,6.2,19.8,21.4,17.4,52.3,14.8,34.5,3.1,27.9,81.5,14.5,33.6,81.6,16.5,42.4,4.1,14.6
CA,Irvine,636770,9.0,16.4,15.9,25.7,52.1,5.6,7.2,4.2,67.1,75.4,67.5,3.7,28.7,33.2,10.1,73.8,7.2,31.2,2.0,17.2,82.7,8.6,15.6,80.9,8.3,30.6,2.0,6.0
CA,Lake Forest,639496,11.0,17.9,19.2,25.1,50.9,5.9,7.7,4.8,66.3,76.9,67.6,4.5,28.1,31.6,11.9,72.5,7.6,30.7,2.2,17.9,82.2,9.8,19.2,84.4,9.5,30.3,2.2,8.3
CA,Lakewood,639892,14.3,18.4,16.8,25.8,50.5,5.7,7.8,5.1,67.7,76.1,64.1,4.7,26.4,28.9,13.5,67.4,9.1,34.0,2.3,19.7,81.7,10.8,22.4,82.9,11.0,36.2,2.4,8.0
CA,Lancaster,640130,21.5,21.6,15.8,30.0,53.3,5.8,9.2,6.6,66.6,74.1,57.2,6.9,23.3,23.2,18.2,56.4,11.9,35.1,2.8,25.5,78.2,14.1,29.3,79.9,15.5,39.3,3.5,13.5
CA,Livermore,641992,10.8,19.4,18.5,22.9,49.6,6.2,8.1,4.9,65.1,75.6,70.1,4.7,35.3,31.1,12.8,71.9,7.5,30.7,2.2,17.2,80.5,10.3,21.0,86.0,9.8,30.6,2.2,7.8
CA,Long Beach,643000,21.0,19.7,15.2,28.8,52.7,5.6,8.6,5.8,66.8,73.7,59.6,5.6,25.2,26.5,15.6,59.9,11.1,35.0,2.6,23.9,79.8,12.7,26.2,79.5,13.9,37.9,3.0,10.2
CA,Los Angeles,644000,23.4,19.8,15.1,28.9,52.3,5.4,8.5,6.0,65.9,73.0,57.5,5.7,24.3,24.9,15.6,58.2,11.7,35.4,2.7,25.1,79.1,13.0,26.7,79.1,14.7,37.5,3.1,11.3
CA,Lynwood,644574,37.1,21.9,13.6,31.2,53.0,4.7,9.5,7.5,64.2,71.1,47.6,6.8,18.0,17.0,18.6,44.8,16.4,36.3,3.5,34.0,76.0,16.3,34.2,77.0,20.2,40.8,4.0,18.2
CA,Manteca,645484,17.1,21.4,17.1,30.5,53.2,5.8,9.0,5.9,63.2,73.6,63.0,6.1,28.7,27.1,16.9,62.1,9.5,34.3,2.5,25.1,78.6,12.8,27.8,82.4,13.0,34.9,2.8,12.8
CA,Menifee,646842,15.4,21.5,17.7,28.8,48.7,6.1,8.8,5.8,66.5,75.5,63.7,5.9,27.2,29.0,16.2,65.3,9.2,32.8,2.5,22.8,80.3,12.3,27.0,83.4,12.5,36.7,2.7,12.1
CA,Merced,646898,25.0,22.7,14.1,34.5,54.1,5.5,9.7,6.8,63.6,67.4,54.2,7.3,25.5,22.7,18.5,54.2,12.4,35.3,3.0,30.2,73.8,15.0,31.6,75.4,17.0,36.0,3.5,16.3
CA,Milpitas,647766,12.0,15.7,12.2,25.5,50.4,4.5,6.7,4.0,66.2,75.0,62.0,3.5,25.5,30.7,10.4,69.9,9.0,31.4,2.1,21.1,81.4,8.6,15.2,76.6,8.8,35.6,2.0,7.7
CA,Mission Viejo,648256,9.4,17.7,20.2,24.8,50.8,6.2,7.8,4.6,66.5,77.4,69.6,4.3,29.9,34.2,11.9,74.9,6.9,30.5,2.1,16.2,82.9,9.6,18.8,85.6,8.9,29.5,2.0,6.5
CA,Modesto,648354,19.5,22.3,16.4,29.5,53.5,5.9,9.3,6.3,64.3,70.7,60.6,6.8,26.9,27.3,18.0,59.5,10.4,32.7,2.7,25.6,78.1,14.0,30.0,78.9,14.7,35.5,3.1,13.7
CA,Moreno Valley,649270,23.7,22.4,14.8,32.8,51.7,5.4,9.5,6.3,66.6,72.9,57.6,6.4,22.9,23.9,17.7,55.4,12.5,33.8,2.9,29.3,79.0,14.1,31.7,79.8,15.6,40.1,3.4,15.7
CA,Mountain View,649670,9.4,16.6,15.7,25.7,50.0,5.6,7.3,4.2,65.9,75.8,68.0,3.6,30.0,33.4,9.4,76.3,7.3,31.2,2.1,15.7,82.9,8.4,18.4,84.0,8.2,31.0,1.9,6.0
CA,Murrieta,650076,12.3,20.4,17.8,28.3,48.7,6.1,8.4,5.2,67.3,75.9,66.4,5.1,28.6,31.5,14.5,69.3,8.3,32.6,2.3,20.3,81.9,11.1,24.8,84.0,10.9,35.7,2.4,9.4
CA,Napa,650258,16.6,20.8,17.8,27.0,51.1,6.1,8.8,5.7,64.0,73.7,63.8,5.9,28.5,29.9,15.5,66.3,8.8,32.0,2.5,21.6,78.3,12.3,26.1,83.4,12.4,30.9,2.6,11.1
CA,Newport Beach,651182,7.0,17.2,20.5,25.1,51.0,6.4,7.7,4.4,66.7,77.5,71.3,3.9,31.5,35.5,10.5,78.2,6.1,30.7,2.0,13.8,83.5,8.7,17.8,86.6,7.9,27.7,1.9,5.2
CA,Norwalk,652526,24.5,18.8,15.3,26.8,50.3,4.9,7.8,5.8,65.7,73.9,55.9,5.0,22.3,23.1,14.4,58.0,12.2,35.0,2.7,26.0,79.3,12.3,26.5,80.4,14.2,37.9,2.7,10.8
CA,Oakland,653000,18.3,21.0,14.0,29.3,54.9,5.4,9.3,5.5,66.5,72.7,63.0,5.6,28.9,25.0,15.2,59.5,11.5,31.7,2.7,24.5,79.2,12.5,25.8,80.7,13.3,36.0,3.3,13.0
CA,Oceanside,653322,16.7,20.6,18.0,26.4,52.0,5.9,8.5,5.7,65.6,74.4,62.8,5.8,29.3,27.3,15.3,62.0,9.8,30.9,2.6,22.6,78.5,12.4,24.4,81.8,12.2,35.4,2.7,10.8
CA,Ontario,653896,24.6,21.4,15.5,28.8,52.2,5.2,9.0,6.2,64.4,70.4,56.5,6.1,26.0,24.0,16.2,53.8,12.3,32.8,2.8,27.1,78.2,13.6,28.4,81.2,15.5,37.5,3.1,14.8
CA,Orange,653980,15.9,18.7,18.2,26.3,51.6,5.7,8.2,5.2,65.1,75.3,63.7,5.1,26.9,29.9,14.0,66.5,8.8,31.4,2.4,21.5,80.4,11.3,21.6,81.9,11.4,31.8,2.4,9.4
CA,Oxnard,654652,26.9,19.7,15.3,30.7,52.8,4.9,8.7,6.2,60.3,72.9,56.2,5.7,23.2,22.5,15.5,55.3,12.2,33.9,2.9,29.2,76.9,13.5,27.8,79.6,15.3,32.5,3.0,14.4
CA,Palmdale,655156,25.4,21.2,15.2,29.6,52.8,5.5,9.1,6.6,65.9,73.3,56.3,6.6,22.7,22.4,17.5,55.0,12.6,35.3,2.9,27.0,78.3,14.4,29.6,79.5,16.2,39.0,3.4,13.9
CA,Pasadena,656000,15.3,18.2,16.0,27.4,51.5,5.7,7.8,5.1,67.6,74.8,63.9,4.5,26.8,28.5,12.4,67.5,9.5,34.6,2.4,19.2,82.1,10.5,23.0,82.9,11.2,35.0,2.5,7.9
CA,Perris,656700,29.6,23.0,14.3,33.1,51.2,5.1,9.6,7.0,65.0,71.7,52.3,6.9,20.8,20.5,18.7,50.0,14.2,34.4,3.2,33.3,76.9,15.3,34.0,78.1,18.0,40.6,3.7,19.0
CA,Pleasanton,657792,8.0,17.7,17.3,22.5,49.6,6.1,7.4,4.3,66.3,75.7,72.3,3.8,36.6,33.0,10.2,76.0,6.7,30.6,2.0,15.1,82.0,8.6,17.5,86.0,8.1,29.6,1.9,6.1
CA,Pomona,658072,28.6,20.2,14.5,29.2,51.9,5.0,8.5,6.4,65.0,72.2,53.6,5.9,21.5,21.8,16.3,53.4,13.4,35.8,3.0,28.5,78.1,13.8,29.2,78.3,16.4,38.8,3.2,13.1
CA,Rancho Cucamonga,659451,12.6,19.4,17.5,26.9,51.5,5.8,8.2,5.0,66.9,73.5,66.3,4.8,30.7,30.0,13.1,67.2,8.9,31.5,2.3,18.8,82.2,10.6,23.0,85.5,10.7,34.7,2.4,9.1
CA,Redding,659920,13.1,23.2,17.7,27.1,52.5,6.5,9.8,6.1,62.1,72.8,61.8,7.2,31.9,26.1,18.6,60.8,8.6,32.4,2.5,20.7,75.1,13.6,27.1,79.9,13.3,33.7,2.9,12.6
CA,Redlands,659962,13.3,19.9,17.3,26.8,51.5,6.1,8.5,5.1,66.2,73.0,66.1,5.1,32.3,31.2,13.7,66.6,8.5,31.7,2.3,18.9,81.4,11.2,23.2,84.3,11.1,34.0,2.4,8.7
CA,Redondo Beach,660018,8.1,16.9,18.9,24.8,49.3,6.2,7.3,4.5,68.1,77.0,69.9,3.8,29.9,32.7,10.5,76.7,7.0,33.8,2.1,13.9,83.9,8.8,19.3,86.5,8.4,31.8,1.9,5.1
CA,Redwood City,660102,15.8,19.1,17.1,25.3,51.7,5.8,8.0,5.0,64.8,75.7,66.1,4.6,30.3,32.4,12.4,68.6,8.5,31.1,2.4,19.9,81.4,10.6,23.7,83.7,10.7,31.5,2.3,8.3
CA,Rialto,660466,25.9,22.3,14.9,30.7,53.6,5.2,9.6,6.6,65.2,70.5,55.7,6.6,24.5,22.2,17.3,51.0,13.4,32.7,3.0,28.6,78.2,14.5,30.8,81.2,16.5,39.0,3.5,17.2
CA,Richmond,660620,21.1,21.6,14.0,32.3,54.9,5.3,9.5,5.9,66.0,73.7,60.9,5.9,25.2,23.9,16.2,58.0,12.1,32.3,2.8,27.3,79.8,13.2,32.5,80.3,14.4,39.7,3.4,14.6
CA,Riverside,662000,21.2,21.9,15.6,31.1,50.4,5.7,9.1,6.1,65.7,72.8,60.0,6.2,25.6,26.7,16.9,59.1,10.8,33.8,2.7,26.7,79.2,13.3,29.4,80.3,14.5,38.0,3.0,13.5
CA,Roseville,662938,10.2,19.9,19.0,26.1,51.3,6.3,8.5,5.0,65.5,76.4,67.1,5.0,32.3,33.0,13.9,72.3,7.5,32.4,2.2,17.7,80.3,10.8,22.6,84.6,10.2,31.3,2.3,8.1
CA,Sacramento,664000,17.6,21.2,14.9,31.9,55.4,5.5,9.3,5.9,63.9,72.2,60.6,6.3,26.9,26.3,17.9,58.2,11.1,31.5,2.7,24.1,79.8,13.2,27.3,79.4,13.9,34.6,3.1,14.0
CA,Salinas,664224,30.5,21.1,15.4,30.1,52.6,5.1,9.0,6.6,62.3,68.4,53.5,6.4,24.2,22.8,17.6,51.5,12.8,35.9,3.0,30.1,74.7,14.8,29.8,78.1,16.9,35.4,3.2,15.0
CA,San Bernardino,665000,29.0,23.9,14.0,32.5,55.1,5.4,10.3,7.3,64.0,68.4,51.8,8.0,24.4,21.3,20.0,46.3,14.2,33.7,3.1,31.5,75.3,16.3,32.2,76.9,19.0,39.9,4.0,19.3
CA,San Buenaventura (Ventura),665042,13.5,19.2,18.3,28.8,52.0,6.1,8.5,5.3,62.0,75.6,66.4,5.2,28.9,29.3,13.7,68.9,8.1,32.9,2.4,19.6,80.1,11.2,23.5,84.5,11.0,29.0,2.4,9.0
CA,San Diego,666000,14.8,19.2,17.3,26.7,52.6,5.7,8.0,5.2,66.4,74.1,64.2,4.9,29.9,28.4,13.1,64.9,9.5,30.9,2.4,21.0,79.9,11.0,22.2,81.5,11.0,34.6,2.5,9.3
CA,San Francisco,667000,11.7,17.5,16.6,25.9,50.5,5.2,7.7,4.7,62.4,75.3,62.2,4.3,27.7,28.8,12.8,68.6,8.9,31.4,2.2,20.1,78.9,9.8,18.4,79.1,10.1,33.6,2.3,9.2
CA,San Jose,668000,15.7,17.7,14.1,26.6,50.8,5.1,7.8,4.8,64.9,74.5,62.0,4.4,26.8,29.8,12.2,67.6,9.4,31.7,2.4,21.7,80.5,10.3,20.5,79.5,10.7,34.6,2.3,9.0
CA,San Leandro,668084,15.8,19.5,14.2,25.2,52.1,5.3,8.2,5.0,65.8,73.7,63.5,4.9,30.8,27.1,13.9,63.0,9.8,31.3,2.4,23.4,78.8,11.1,21.4,80.0,11.5,35.1,2.6,10.4
CA,San Marcos,668196,17.0,20.5,17.6,26.2,51.9,5.9,8.4,5.7,65.5,74.0,62.5,5.8,29.1,26.8,14.7,62.3,9.7,31.0,2.6,22.6,78.3,12.2,23.7,81.4,12.3,34.9,2.7,11.3
CA,San Mateo,668252,12.2,18.3,16.9,24.5,51.3,5.7,7.6,4.6,65.6,76.7,67.3,4.1,30.5,33.4,11.3,71.6,7.9,30.7,2.2,18.3,82.1,9.6,21.1,83.5,9.4,31.4,2.1,7.4
CA,San Ramon,668378,6.8,16.6,16.4,25.4,50.4,5.7,7.0,4.0,67.1,76.7,71.8,3.3,32.8,34.0,8.9,78.6,6.6,31.2,1.9,14.8,83.7,7.8,19.3,85.5,7.3,32.0,1.7,5.1
CA,Santa Ana,669000,31.8,20.0,15.2,28.6,52.6,4.7,8.8,6.3,62.6,72.2,51.3,6.0,20.8,22.5,17.1,50.6,13.4,32.8,3.0,32.5,76.1,14.5,26.9,75.8,16.9,35.7,3.1,14.9
CA,Santa Barbara,669070,15.6,19.6,17.2,27.1,51.2,6.0,8.5,5.3,62.1,73.5,65.2,5.1,30.5,31.3,13.5,68.7,8.5,31.1,2.4,19.0,80.1,11.3,23.7,83.7,11.4,31.2,2.4,8.7
CA,Santa Clara,669084,10.4,16.9,14.4,25.9,50.3,5.4,7.3,4.4,65.9,75.4,65.5,3.9,28.8,31.8,10.3,73.5,8.1,31.3,2.2,17.8,82.0,8.9,18.1,81.4,8.9,32.9,2.0,7.2
CA,Santa Clarita,669088,13.8,18.6,18.1,25.3,49.8,6.1,7.9,5.2,66.9,76.1,65.9,4.8,27.9,30.0,13.5,69.4,8.4,34.0,2.3,18.2,81.9,10.8,22.7,84.4,10.9,34.4,2.3,7.6
CA,Santa Maria,669196,30.9,22.0,14.5,29.4,52.5,5.4,9.6,6.8,59.5,70.3,53.5,7.1,24.6,24.3,18.3,52.3,12.6,32.3,3.0,30.0,74.8,15.3,29.3,76.9,17.5,35.9,3.3,16.7
CA,Santa Monica,670000,8.7,17.6,18.1,25.8,50.2,6.3,7.6,4.7,67.8,76.3,68.7,4.0,29.8,31.7,10.7,75.3,7.2,34.1,2.1,14.2,83.3,9.2,20.3,85.9,8.9,31.6,2.1,5.4
CA,Santa Rosa,670098,15.5,20.2,16.7,26.3,50.9,6.2,8.8,5.4,61.3,74.1,64.5,5.6,30.5,31.1,15.1,66.6,8.5,30.7,2.3,20.1,80.5,12.2,23.2,83.4,11.9,31.0,2.5,9.3
CA,Simi Valley,672016,11.4,18.6,18.5,27.8,51.5,6.0,8.2,5.0,62.6,76.6,67.7,4.9,28.7,29.8,13.2,70.9,7.7,32.4,2.3,18.8,80.9,10.6,21.6,84.7,10.1,29.0,2.2,8.8
CA,South Gate,673080,35.7,20.3,14.6,28.0,50.5,4.6,8.6,6.9,63.5,71.9,49.0,5.8,19.8,18.5,16.5,48.9,15.0,35.9,3.2,31.9,76.5,14.9,31.8,78.9,18.6,38.7,3.2,14.4
CA,Stockton,675000,23.4,22.0,13.6,33.9,56.0,5.2,9.4,6.4,63.2,70.7,56.4,6.7,25.4,23.4,18.0,53.5,12.1,35.5,2.8,31.0,76.3,14.1,29.4,76.2,15.7,38.0,3.4,16.4
CA,Sunnyvale,677000,10.0,16.2,14.1,25.4,50.0,5.3,7.0,4.2,66.2,75.6,66.9,3.5,29.8,33.5,9.3,75.0,7.6,31.1,2.1,16.9,82.7,8.2,16.9,81.7,8.2,32.2,1.9,6.1
CA,Temecula,678120,11.9,20.1,18.0,28.2,48.5,6.1,8.3,5.1,67.2,75.8,66.7,5.0,28.6,31.5,14.3,69.9,8.2,32.6,2.3,19.9,82.0,10.9,24.3,84.1,10.6,35.4,2.3,9.0
CA,Thousand Oaks,678582,10.0,18.0,18.6,27.6,51.5,6.2,8.0,4.7,63.0,76.7,69.9,4.4,30.4,31.6,11.8,73.7,6.9,32.3,2.1,16.8,81.8,9.8,20.4,85.6,9.2,27.6,2.1,7.4
CA,Torrance,680000,10.6,16.6,15.7,24.9,50.0,5.5,6.9,4.4,68.2,75.8,65.9,3.8,27.7,31.1,11.0,72.0,8.0,34.1,2.1,17.4,82.9,9.0,17.7,81.7,9.0,34.8,2.0,6.1
CA,Tracy,680238,16.0,20.2,16.5,30.2,53.2,5.5,8.5,5.5,64.2,74.0,63.6,5.4,27.7,26.9,15.2,63.7,9.6,34.0,2.5,24.5,79.7,11.8,26.1,82.6,12.1,35.1,2.7,12.0
CA,Turlock,680812,18.1,21.8,17.1,28.4,52.7,6.0,9.1,6.1,64.5,71.5,62.1,6.5,27.7,28.5,17.1,62.1,9.8,32.4,2.6,24.1,78.7,13.3,28.8,80.4,13.8,34.5,2.9,12.9
CA,Tustin,680854,16.9,18.2,16.5,26.6,52.2,5.5,8.0,5.0,65.5,74.8,62.7,4.9,26.4,29.7,13.3,65.7,9.1,31.5,2.3,22.4,80.5,11.0,20.5,80.1,11.4,32.3,2.4,9.4
CA,Union City,681204,14.0,17.4,12.8,24.2,51.3,4.7,7.2,4.4,66.1,73.2,63.2,3.9,29.7,27.4,11.8,65.2,9.7,31.5,2.2,22.9,79.5,9.6,17.3,78.3,10.1,35.0,2.2,8.9
CA,Upland,681344,15.6,20.3,16.6,27.5,52.1,5.9,8.6,5.3,66.0,72.1,64.4,5.4,31.2,29.6,14.3,63.5,9.3,32.0,2.4,20.8,80.8,11.7,24.5,83.3,12.0,35.2,2.6,9.9
CA,Vacaville,681554,12.8,21.0,19.0,28.2,52.9,6.0,8.6,5.6,64.6,75.2,66.4,5.4,28.7,30.7,15.6,67.1,8.9,31.9,2.4,19.8,79.2,11.5,26.2,83.1,11.3,33.5,2.6,10.3
CA,Vallejo,681666,16.3,21.3,14.5,31.0,55.8,5.3,8.9,5.5,65.7,73.1,60.8,5.7,25.2,26.6,15.8,60.3,11.1,32.6,2.6,24.6,77.9,12.2,26.6,77.3,12.8,36.9,3.0,13.1
CA,Victorville,682590,22.8,23.2,15.1,31.5,54.4,5.6,9.9,6.8,64.9,70.1,55.4,7.5,25.8,23.0,19.1,51.2,12.7,33.1,2.9,27.8,77.0,14.9,30.4,79.6,16.6,39.2,3.6,16.8
CA,Visalia,682954,19.4,21.1,16.3,28.9,52.5,5.9,9.0,6.1,64.7,69.2,58.5,6.4,27.5,26.7,15.7,63.8,10.2,32.9,2.6,25.1,76.6,13.2,29.4,81.8,14.1,32.8,2.9,12.8
CA,Vista,682996,21.1,21.4,17.4,27.1,52.2,5.8,8.8,6.2,64.6,73.4,59.9,6.5,28.0,25.4,16.6,57.4,10.8,31.4,2.7,25.4,76.9,13.5,26.3,80.3,14.0,36.2,2.9,12.8
CA,West Covina,684200,18.8,17.4,14.8,25.9,50.2,4.9,7.2,5.0,67.1,74.5,59.7,4.2,24.1,26.3,12.3,63.8,10.6,34.6,2.4,22.8,81.2,10.5,22.3,80.4,11.7,37.1,2.4,8.7
CA,Westminster,684550,19.5,18.6,13.5,27.6,53.3,4.9,7.9,5.2,64.6,72.9,54.9,5.5,22.6,26.2,15.8,57.3,10.8,32.4,2.4,28.7,77.1,12.0,18.4,70.4,12.9,36.2,2.7,12.2
CA,Whittier,685292,20.2,18.4,17.1,25.5,49.2,5.4,7.6,5.4,66.2,75.0,61.8,4.6,26.0,26.9,12.9,64.9,10.3,34.5,2.5,21.5,81.2,11.3,25.7,84.3,12.4,35.2,2.4,8.4
CO,Arvada,803455,11.8,21.6,20.4,23.8,51.4,5.9,8.5,4.5,60.3,76.2,65.9,4.5,41.6,36.2,16.5,69.3,5.8,29.2,2.2,14.4,73.3,9.3,20.0,84.5,8.9,26.6,2.2,9.7
CO,Aurora,804000,18.9,23.0,16.5,28.1,53.7,5.7,9.0,5.0,61.2,73.2,61.1,5.3,38.1,31.6,18.2,60.9,8.4,30.7,2.5,19.9,71.5,10.9,25.8,80.5,11.5,33.2,2.8,14.9
CO,Boulder,807850,10.6,20.7,17.6,23.1,52.4,6.0,8.6,4.4,58.9,75.1,65.9,4.1,39.2,37.7,12.1,73.1,5.4,29.3,2.0,11.6,75.4,8.7,16.6,84.2,8.8,25.4,2.2,8.4
CO,Centennial,812815,8.4,20.0,19.8,23.7,50.5,6.1,7.7,3.9,62.2,76.5,70.0,3.6,44.5,38.6,12.7,75.4,5.4,29.5,1.9,12.2,76.0,7.9,19.3,86.2,7.3,27.9,1.9,7.7
CO,Colorado Springs,816000,13.9,23.4,15.2,27.5,54.6,6.0,8.5,4.9,65.0,73.6,66.4,4.9,38.2,33.9,17.2,65.3,7.1,32.5,2.4,17.0,73.7,10.0,23.3,81.6,10.1,30.0,2.5,12.4
CO,Denver,820000,17.8,20.8,19.9,27.3,51.8,5.7,8.8,4.9,59.2,73.8,62.6,4.8,36.7,30.9,17.0,63.1,7.7,31.6,2.4,16.7,73.7,10.1,19.7,81.3,11.1,28.1,2.7,13.0
CO,Fort Collins,827425,11.4,21.6,18.0,23.9,52.0,6.0,8.8,4.6,62.8,73.5,65.8,4.6,37.2,31.7,14.7,68.0,6.1,30.6,2.2,14.5,74.2,9.4,20.1,83.1,9.5,24.5,2.3,9.5
CO,Greeley,832155,20.7,23.6,16.1,28.1,53.5,5.6,9.0,5.3,56.5,70.2,58.9,5.6,35.8,28.6,18.6,57.7,7.9,29.1,2.6,22.1,69.5,11.4,27.0,79.2,12.1,31.7,2.7,15.0
CO,Lakewood,843000,14.4,21.9,19.4,24.6,52.0,5.8,8.6,4.6,60.0,75.3,63.9,4.7,41.0,35.1,16.8,66.5,6.4,29.6,2.3,15.7,72.4,9.7,20.9,83.2,9.7,27.1,2.3,10.4
CO,Longmont,845970,15.3,21.9,17.6,22.5,51.7,5.9,8.9,4.9,58.4,75.8,62.2,4.9,36.4,35.3,14.5,68.2,6.4,29.0,2.2,14.8,73.1,10.0,18.2,83.5,10.5,27.2,2.5,12.2
CO,Loveland,846465,11.6,21.9,18.9,22.9,51.2,6.0,8.8,4.6,62.8,74.8,66.0,4.8,37.0,32.2,15.7,67.9,6.0,30.1,2.2,15.1,74.2,9.6,20.1,83.9,9.5,24.8,2.3,10.1
CO,Pueblo,862000,24.4,24.9,14.5,29.7,54.3,5.5,9.1,5.7,62.5,67.3,53.8,5.8,32.3,31.1,20.5,55.3,9.6,34.2,2.7,23.8,70.7,12.0,30.6,77.9,13.5,35.0,3.0,15.0
CO,Thornton,877290,16.6,21.8,17.5,26.0,49.2,5.9,8.6,4.8,58.7,72.4,63.3,4.9,35.6,32.9,18.5,66.4,7.5,30.9,2.4,18.2,73.8,10.0,25.1,82.4,10.2,31.1,2.4,14.4
CO,Westminster,883835,13.6,21.5,18.7,25.1,50.1,5.9,8.5,4.6,59.6,74.0,65.1,4.6,38.2,34.5,17.0,68.6,6.7,30.2,2.2,16.1,74.1,9.4,22.3,83.4,9.4,28.9,2.3,12.6
CT,Bridgeport,908000,23.0,23.7,14.4,34.4,60.5,5.6,10.5,6.5,66.2,76.3,59.4,7.1,27.3,30.2,22.6,56.9,12.5,31.4,3.1,29.7,77.9,14.3,32.5,80.4,14.0,40.6,3.7,16.5
CT,Danbury,918430,15.4,21.2,17.2,28.3,56.1,6.3,9.1,5.5,64.8,78.1,66.3,5.8,32.6,36.9,19.2,68.0,8.5,30.7,2.4,22.6,79.3,11.8,25.1,83.2,10.4,35.4,2.6,11.2
CT,Hartford,937000,24.4,26.6,12.3,39.5,65.1,5.3,12.1,7.2,70.9,74.4,56.5,8.0,24.2,25.0,21.6,55.3,15.5,36.5,3.5,33.8,79.0,15.9,38.6,80.5,16.9,42.0,4.4,24.9
CT,New Britain,950370,18.3,24.7,14.7,33.4,61.8,6.2,10.8,6.4,69.3,75.9,62.2,7.2,29.4,31.3,19.7,64.5,11.1,35.9,2.8,27.7,79.4,14.0,32.4,83.0,13.7,37.4,3.2,18.7
CT,New Haven,952000,17.4,25.2,12.9,35.8,61.5,5.8,11.1,6.2,70.5,75.8,64.2,6.8,31.3,32.0,19.6,64.4,12.3,32.8,2.9,28.1,81.9,13.4,35.3,82.3,13.1,42.6,3.7,16.6
CT,Norwalk,955990,12.9,20.2,17.6,28.8,56.9,6.3,8.7,5.0,66.3,78.6,69.1,4.9,33.7,38.7,16.4,71.9,8.1,30.4,2.3,19.8,81.4,10.4,24.6,85.6,9.0,34.4,2.4,9.2
CT,Stamford,973000,13.3,20.1,17.1,29.2,57.1,6.2,8.6,5.0,66.2,78.1,68.8,4.9,33.7,38.3,16.0,71.5,8.2,30.6,2.3,20.0,81.4,10.3,24.2,85.1,9.1,34.3,2.4,9.4
CT,Waterbury,980000,19.0,25.6,13.8,32.6,59.6,6.1,11.2,6.5,68.5,76.2,63.1,7.5,32.1,33.3,21.9,63.6,11.2,32.8,2.8,29.0,79.9,14.5,34.5,81.1,13.7,41.9,3.4,16.5
DE,Wilmington,1077580,18.3,26.2,14.7,39.4,68.5,5.7,11.0,6.5,74.4,75.5,62.0,7.2,28.8,30.4,24.6,54.6,13.8,34.2,3.6,31.4,82.5,14.4,39.3,84.4,14.8,44.2,4.2,19.9
DC,Washington,1150000,9.9,21.4,20.3,31.2,59.3,5.7,10.2,4.8,72.0,80.0,66.9,5.1,31.5,28.7,18.0,69.2,10.0,32.4,2.6,20.5,79.9,10.9,25.4,86.0,9.8,35.2,3.5,11.7
FL,Boca Raton,1207300,15.0,20.9,18.9,29.1,60.1,6.7,7.7,5.3,71.6,77.4,71.5,5.2,38.0,34.4,15.1,71.9,7.3,35.3,2.6,17.6,80.2,10.7,20.9,85.0,9.6,34.8,2.2,7.6
FL,Boynton Beach,1207875,22.3,24.0,16.4,33.6,63.5,6.4,9.2,6.4,72.8,77.3,64.7,7.3,33.8,29.9,20.6,60.4,10.3,35.6,3.2,24.5,77.3,13.8,26.7,81.3,13.2,40.7,3.2,12.8
FL,Cape Coral,1210275,20.1,24.1,19.5,28.2,58.4,6.6,8.5,6.2,70.3,74.8,64.7,6.8,34.4,33.0,20.6,62.3,8.6,34.0,2.8,20.8,80.1,13.0,25.5,80.5,11.8,34.0,2.7,12.7
FL,Clearwater,1212875,21.2,24.5,20.0,30.9,60.5,6.6,8.9,6.4,69.8,75.1,64.7,7.3,35.1,34.2,22.6,57.4,9.2,34.9,2.8,21.9,77.8,13.6,28.5,79.0,12.7,37.3,2.9,14.7
FL,Coral Springs,1214400,18.2,21.9,18.1,27.6,60.0,6.1,8.1,5.6,73.9,77.0,67.2,5.7,31.4,29.0,15.5,67.6,8.9,32.3,2.9,20.4,81.0,11.6,24.1,83.0,10.5,36.2,2.6,10.1
FL,Davie,1216475,19.3,21.7,18.4,26.7,58.8,6.2,7.9,5.6,72.8,76.4,66.5,5.7,31.9,29.5,15.6,67.5,8.7,32.5,2.9,20.5,80.4,11.7,23.7,82.3,10.6,35.3,2.5,9.9
FL,Deerfield Beach,1216725,24.3,24.8,16.8,30.7,62.2,6.3,9.4,6.7,72.9,75.6,61.3,7.9,29.6,26.4,21.3,57.8,10.6,33.1,3.3,25.7,77.6,14.7,28.4,78.4,13.9,39.3,3.4,14.2
FL,Deltona,1217200,23.7,24.4,19.2,32.2,59.3,6.2,9.0,6.7,70.3,74.6,62.8,7.5,33.9,28.5,23.0,56.4,10.9,35.8,3.1,25.9,74.9,14.0,27.3,78.4,13.3,37.1,3.0,14.8
FL,Fort Lauderdale,1224000,22.0,23.4,17.5,31.2,62.6,6.2,9.0,6.4,73.6,75.6,64.6,7.0,31.4,28.6,19.2,61.2,10.2,33.0,3.2,23.2,79.9,13.5,27.5,80.3,12.5,38.3,3.2,12.1
FL,Gainesville,1225175,20.4,25.2,16.3,33.2,63.3,6.3,9.3,6.4,70.5,75.4,64.7,7.4,34.4,28.9,19.7,58.2,10.1,31.8,3.0,22.6,76.1,13.7,27.9,77.0,13.2,36.2,3.3,13.4
FL,Hialeah,1230000,42.8,21.4,14.2,30.0,59.9,4.5,7.8,7.1,69.5,70.4,51.2,5.8,21.5,19.5,17.6,52.3,14.7,35.9,3.9,34.7,75.0,14.6,32.2,75.9,16.9,36.7,3.1,15.3
FL,Hollywood,1232000,24.3,23.0,17.3,29.0,60.6,6.0,8.5,6.2,72.7,75.3,62.8,6.5,30.3,27.3,17.9,61.4,10.2,33.1,3.2,24.0,79.0,13.1,26.8,80.4,12.5,37.5,2.9,11.8
FL,Jacksonville,1235000,20.2,25.3,17.4,33.0,64.3,6.3,9.2,6.4,70.6,75.9,65.4,7.4,31.5,29.1,21.1,57.7,10.6,34.8,3.2,25.5,78.7,13.8,30.6,78.6,12.9,37.8,3.4,16.0
FL,Lakeland,1238250,22.7,25.4,16.7,34.9,62.9,6.4,9.7,6.9,70.6,75.0,61.9,8.2,32.6,29.9,21.9,56.8,10.7,33.7,3.1,26.0,75.9,14.7,31.2,77.2,13.8,37.8,3.4,16.3
FL,Largo,1239425,20.3,25.1,20.2,30.2,59.7,6.7,9.0,6.6,69.3,75.4,63.5,7.8,34.3,33.2,23.9,56.7,9.0,35.0,2.8,22.3,76.5,14.0,28.0,78.0,13.0,37.5,2.9,16.1
FL,Lauderhill,1239550,27.0,26.6,13.5,38.2,66.7,5.6,10.9,6.9,77.8,76.1,60.9,8.3,25.3,23.2,22.6,51.1,14.1,32.5,4.0,29.4,80.5,16.0,34.7,79.2,15.3,45.8,4.5,17.9
FL,Melbourne,1243975,18.2,24.8,20.5,29.4,59.6,6.6,8.9,6.2,70.4,74.8,64.9,7.2,33.5,31.2,21.6,61.3,9.0,34.1,2.8,22.7,79.2,13.2,25.0,80.6,12.0,37.8,2.9,14.6
FL,Miami,1245000,37.0,22.2,14.3,32.4,62.3,4.8,8.5,7.2,71.1,71.2,53.2,6.6,22.0,20.3,18.9,53.6,14.4,35.6,3.9,32.8,75.7,14.8,32.1,76.3,16.6,37.4,3.6,16.7
FL,Miami Beach,1245025,23.9,19.7,17.0,28.5,59.3,5.5,7.4,6.0,71.3,73.4,62.2,5.2,27.3,26.4,15.1,66.6,10.3,34.7,3.1,23.4,79.0,11.6,25.8,81.1,11.8,32.8,2.5,10.0
FL,Miami Gardens,1245060,28.9,24.6,12.9,38.4,66.6,5.1,10.3,6.9,77.4,75.2,60.7,7.3,21.1,22.2,21.9,53.0,14.6,33.5,4.0,31.4,80.9,15.3,35.5,80.1,15.2,43.7,4.4,18.3
FL,Miramar,1245975,21.0,21.7,16.2,31.3,62.3,5.2,8.3,5.5,76.5,77.1,66.3,5.1,27.6,26.2,14.6,64.5,11.3,31.9,3.5,22.4,83.3,11.5,27.5,84.5,10.9,39.6,3.0,11.1
FL,Orlando,1253000,22.9,24.4,16.8,33.2,61.7,5.9,9.2,6.5,70.5,74.6,63.9,7.0,27.3,30.0,18.9,57.9,11.2,33.5,3.4,26.3,79.8,13.5,28.6,79.2,13.2,36.0,3.4,16.2
FL,Palm Bay,1254000,21.1,25.5,19.6,30.7,60.4,6.3,9.3,6.5,70.7,74.5,63.2,7.6,31.5,29.4,23.1,57.6,10.1,34.2,3.0,24.9,78.9,14.1,27.0,79.8,13.0,39.5,3.1,16.0
FL,Palm Coast,1254200,19.5,24.8,18.5,30.1,60.9,6.5,9.0,6.4,69.6,75.7,65.2,7.3,36.3,28.7,20.8,60.7,9.3,33.3,3.0,23.2,78.7,13.7,26.1,79.3,12.5,35.6,2.9,14.0
FL,Pembroke Pines,1255775,19.8,21.1,17.6,27.6,59.5,5.7,7.7,5.5,74.5,77.1,66.3,5.1,29.6,26.9,13.8,67.6,9.8,32.1,3.1,21.0,81.8,11.0,24.7,84.5,10.5,36.5,2.5,11.0
FL,Plantation,1257425,16.5,21.5,18.3,27.6,59.9,6.2,8.0,5.4,74.4,77.5,68.7,5.3,32.3,30.4,14.6,69.5,8.5,32.0,2.9,19.0,81.9,11.1,23.7,84.2,9.9,35.7,2.5,9.1
FL,Pompano Beach,1258050,26.8,24.7,16.5,31.7,62.9,6.2,9.4,6.8,72.9,74.9,61.8,8.0,30.1,27.1,21.8,55.9,10.9,33.3,3.4,26.6,78.1,15.0,29.4,78.0,14.3,40.0,3.5,14.1
FL,Port St. Lucie,1258715,21.1,24.0,18.8,31.0,61.7,6.3,9.0,6.4,70.9,76.7,65.3,7.2,33.1,31.0,21.2,60.3,9.6,34.4,3.1,23.4,78.8,13.7,27.3,79.5,12.6,37.1,3.0,14.2
FL,St. Petersburg,1263000,19.2,24.7,19.5,32.4,61.8,6.5,9.1,6.4,71.3,75.9,65.0,7.2,34.3,33.3,22.3,57.8,9.7,34.6,2.9,21.5,78.7,13.4,29.0,79.9,12.4,38.3,3.1,15.2
FL,Sunrise,1269700,21.4,23.0,16.9,29.9,61.7,5.8,8.7,6.0,74.8,76.9,63.9,6.3,28.7,26.1,17.2,62.6,10.6,32.3,3.3,23.5,80.4,12.7,27.1,82.2,12.0,38.9,3.0,12.8
FL,Tallahassee,1270600,19.3,24.3,17.4,31.7,64.5,6.3,9.4,5.9,72.2,77.8,68.6,6.7,36.1,33.1,18.9,63.5,9.9,33.4,3.1,21.7,80.2,13.2,28.7,80.9,12.1,36.6,3.2,12.1
FL,Tampa,1271000,22.6,23.7,17.5,36.3,63.7,6.0,9.3,6.5,70.8,74.9,62.5,7.1,31.1,29.8,19.9,56.1,11.5,34.2,3.2,23.3,77.6,13.7,30.6,79.6,13.4,37.9,3.4,16.7
FL,West Palm Beach,1276600,24.0,23.6,16.1,34.4,63.5,6.1,9.0,6.5,72.6,76.5,64.6,7.0,32.9,28.4,19.5,59.9,11.0,35.8,3.3,24.9,78.0,13.5,27.2,81.4,13.4,40.6,3.3,13.3
GA,Albany,1301052,29.5,29.5,10.9,45.7,69.3,5.7,11.6,7.2,75.8,72.8,60.0,9.2,29.1,25.6,23.7,48.5,15.9,35.5,3.8,33.1,78.7,16.2,40.4,78.6,17.4,46.9,5.0,25.5
GA,Athens,1303440,23.2,25.9,13.2,36.6,65.6,5.9,9.6,6.4,72.3,73.8,61.5,7.4,32.3,29.0,18.9,58.1,12.3,35.6,3.3,26.5,77.9,13.5,32.2,79.4,14.0,38.5,3.6,18.3
GA,Atlanta,1304000,19.7,23.5,14.1,36.1,63.9,5.7,9.4,6.1,76.2,78.1,63.3,6.5,29.7,28.1,16.6,62.6,13.5,31.7,3.4,22.4,80.7,12.0,31.6,84.2,12.8,40.4,4.1,19.2
GA,Augusta,1304204,24.2,27.6,12.5,41.9,66.9,5.8,10.2,6.7,75.7,74.6,62.7,8.0,32.4,26.6,21.8,53.4,14.4,33.5,3.5,28.1,79.9,14.3,36.0,81.9,14.9,44.1,4.2,22.8
GA,Columbus,1319000,22.5,26.4,13.5,38.7,66.0,5.8,9.8,6.3,73.5,76.0,62.3,7.3,28.6,31.2,20.3,58.6,13.3,33.5,3.4,25.8,79.7,13.4,33.2,82.2,13.8,42.9,3.8,19.4
GA,Johns Creek,1342425,10.4,18.1,15.8,25.8,57.3,5.9,6.8,4.2,75.1,80.1,71.3,3.7,37.9,39.4,10.1,78.6,7.4,30.7,2.4,14.1,82.4,7.8,19.0,86.6,7.3,32.9,1.9,7.2
GA,Macon,1349000,30.0,29.9,11.2,44.0,69.2,5.6,11.8,7.4,74.3,73.0,57.9,9.6,29.2,22.9,25.9,45.9,16.6,37.3,3.8,34.5,76.0,16.6,42.9,77.0,18.2,46.0,5.2,28.5
GA,Roswell,1367284,15.3,19.7,16.9,26.8,57.9,6.2,7.5,4.7,74.1,79.5,70.6,4.4,38.3,38.6,12.2,74.8,7.9,30.9,2.6,15.7,81.5,9.3,23.3,87.1,8.8,33.4,2.1,8.2
GA,Sandy Springs,1368516,14.6,20.1,15.8,28.3,59.5,6.2,7.8,4.8,75.0,79.3,70.1,4.6,38.4,37.7,12.3,74.0,8.2,31.1,2.7,15.9,81.4,9.4,24.2,86.8,9.0,34.3,2.3,8.6
GA,Savannah,1369000,23.5,26.9,13.5,39.1,67.3,5.7,10.3,6.5,73.7,76.1,62.5,7.6,28.5,25.9,21.0,54.3,14.0,37.0,3.5,26.9,77.5,13.9,36.0,81.5,14.5,44.6,4.2,22.0
GA,Warner Robins,1380508,21.7,26.7,13.3,37.8,64.8,5.9,9.6,6.5,75.1,75.9,62.9,7.6,33.4,27.7,19.3,57.7,12.5,35.0,3.3,26.9,79.1,13.3,33.6,81.9,13.7,40.7,3.6,20.1
HI,Honolulu,15003,11.4,17.7,19.0,26.4,57.4,5.0,8.6,4.1,65.5,71.6,63.2,3.7,30.6,32.9,15.5,69.8,9.1,30.2,3.6,22.2,80.0,8.9,22.1,76.2,8.8,48.0,2.5,7.0
ID,Boise City,1608830,16.4,22.6,15.8,27.6,52.4,6.2,8.9,5.4,60.6,70.6,63.3,5.0,32.3,31.4,16.4,66.6,6.9,31.6,2.2,16.4,72.3,10.4,25.8,78.3,10.0,28.9,2.6,13.0
ID,Meridian,1652120,14.8,22.1,16.6,26.5,51.6,6.2,8.7,5.2,61.1,71.8,64.9,4.7,32.8,32.6,15.9,69.0,6.6,31.1,2.2,15.5,73.4,10.0,24.8,80.2,9.3,28.5,2.4,12.3
ID,Nampa,1656260,27.1,25.1,14.2,30.8,54.2,5.9,9.7,6.5,54.8,64.2,51.2,6.8,29.3,24.1,21.0,56.0,9.2,34.9,2.6,23.3,62.8,13.3,35.1,70.2,14.1,34.3,3.3,18.2
IL,Arlington Heights,1702154,8.1,20.6,23.6,23.7,57.3,6.0,8.3,4.6,69.0,75.2,67.8,4.2,38.5,35.1,14.1,73.6,6.6,30.3,2.1,17.0,79.8,8.6,21.5,83.9,8.1,30.2,2.0,8.6
IL,Aurora,1703012,19.8,23.7,18.5,29.9,59.7,5.5,9.5,6.3,65.3,71.4,56.3,6.1,31.3,25.6,17.6,60.5,11.1,33.4,2.8,27.0,72.5,11.8,32.0,80.7,13.2,35.5,3.1,19.2
IL,Bloomington,1706613,10.7,23.0,19.5,27.8,59.4,6.0,9.3,5.6,65.6,74.2,63.0,5.6,35.6,30.4,16.9,68.1,8.3,33.0,2.4,21.7,76.7,10.4,29.1,82.0,10.3,33.1,2.6,13.9
IL,Bolingbrook,1707133,13.3,23.3,19.2,30.5,59.9,5.4,9.0,5.5,67.1,73.7,61.4,5.1,30.4,25.9,16.2,66.4,10.1,32.1,2.5,23.8,76.4,10.0,31.8,81.7,10.5,37.8,2.7,14.5
IL,Champaign,1712385,12.5,23.1,18.6,29.6,61.9,5.9,9.5,5.6,66.3,72.7,61.5,5.6,36.2,30.0,16.8,64.0,9.1,33.0,2.4,22.4,76.4,10.8,30.2,79.6,10.8,33.6,2.8,13.1
IL,Chicago,1714000,18.8,24.2,18.7,31.5,62.9,5.3,10.2,6.0,69.9,72.1,56.9,6.1,29.9,25.3,19.1,56.4,12.4,31.5,3.0,27.6,77.0,12.1,31.3,78.6,13.5,37.4,3.7,18.5
IL,Cicero,1714351,32.6,23.8,18.5,28.0,59.0,4.8,9.4,6.9,65.3,69.4,48.1,6.2,28.0,21.7,19.9,47.4,14.0,32.7,3.3,34.8,72.0,13.5,33.9,75.6,16.6,37.1,3.4,20.9
IL,Decatur,1718823,15.7,26.8,18.4,33.6,63.2,6.0,11.0,6.5,66.4,71.0,57.5,7.6,33.9,27.7,23.4,56.6,10.6,32.8,2.7,28.1,73.7,13.6,35.3,77.5,13.9,36.6,3.4,18.6
IL,Elgin,1723074,18.4,23.4,19.7,28.8,59.3,5.5,9.2,6.0,65.7,71.0,58.1,5.9,33.3,28.1,17.7,62.1,10.2,33.1,2.6,25.8,72.8,11.4,30.8,80.7,12.4,35.1,2.8,15.8
IL,Evanston,1724582,9.3,21.1,20.9,27.1,60.1,5.8,8.9,4.7,70.4,74.0,66.9,4.2,36.9,32.6,13.6,70.7,7.9,30.6,2.3,18.0,80.6,8.9,24.0,83.4,8.7,32.0,2.4,9.6
IL,Joliet,1738570,16.7,25.2,19.8,30.8,60.2,5.7,9.8,6.2,65.5,73.0,58.5,6.2,30.5,25.4,19.5,62.1,10.7,32.5,2.7,26.4,74.0,11.8,35.2,80.3,12.6,38.1,3.0,16.9
IL,Naperville,1751622,7.0,20.0,20.6,25.7,57.3,5.8,8.1,4.5,67.2,76.1,67.4,3.7,38.3,33.9,11.3,76.4,6.7,31.9,2.1,15.9,79.7,7.8,22.7,85.2,7.4,30.5,1.9,8.2
IL,Palatine,1757225,11.3,20.9,22.2,24.5,57.9,5.8,8.4,4.8,68.6,74.0,65.5,4.5,37.4,33.7,14.9,69.7,7.4,30.7,2.2,19.3,78.8,9.3,22.8,82.0,9.1,31.4,2.2,9.8
IL,Peoria,1759000,14.5,25.3,18.4,33.0,62.1,5.8,10.6,6.2,66.8,72.5,58.8,6.8,30.5,27.4,20.0,61.0,10.4,32.6,2.7,25.6,76.6,12.4,34.2,79.5,12.7,37.1,3.3,16.9
IL,Rockford,1765000,19.1,25.6,18.0,33.8,62.7,5.8,11.0,6.7,64.4,70.5,55.0,7.8,30.2,25.5,22.4,53.7,11.2,35.2,2.9,31.1,69.8,13.9,37.5,77.3,15.0,37.3,3.5,20.1
IL,Schaumburg,1768003,9.0,20.7,21.6,24.1,57.9,5.7,8.2,4.6,69.3,74.6,65.5,4.4,36.7,33.5,14.4,70.9,7.3,30.5,2.1,19.1,79.1,8.8,21.1,81.5,8.6,32.1,2.2,10.2
IL,Springfield,1772000,12.7,25.0,19.1,32.9,63.0,6.0,10.3,5.9,65.5,73.7,60.3,6.5,35.9,31.1,19.9,62.8,9.3,31.8,2.5,24.7,74.4,11.9,32.2,80.3,11.9,34.8,2.9,15.3
IL,Waukegan,1779293,25.9,23.9,16.4,31.6,62.0,5.2,10.3,6.9,64.6,72.1,53.4,7.0,24.5,23.2,20.3,52.7,13.1,32.6,3.1,32.6,74.1,13.4,35.6,77.3,15.6,37.3,3.7,22.6
IN,Bloomington,1805860,16.5,25.6,13.9,32.8,62.6,6.2,10.2,6.3,62.2,70.6,61.7,7.3,32.2,27.8,19.8,62.0,9.3,35.1,2.5,23.1,71.9,12.6,29.0,75.7,12.5,35.1,2.8,13.8
IN,Carmel,1810342,7.7,19.8,17.1,28.0,61.7,6.2,8.3,4.7,68.7,78.4,71.6,4.3,37.4,34.7,11.8,79.7,6.8,31.0,2.1,15.0,79.7,8.3,24.6,86.5,7.1,29.0,1.9,8.0
IN,Evansville,1822000,18.2,29.0,15.8,35.9,65.0,6.1,11.0,6.9,71.1,72.2,63.1,9.0,31.9,29.1,25.3,59.6,10.5,33.8,2.8,28.9,74.3,14.4,35.1,77.8,14.3,39.3,3.3,18.7
IN,Fishers,1823278,8.1,20.2,17.5,28.3,61.9,6.2,8.6,4.8,68.8,78.8,71.3,4.4,37.1,34.8,12.6,79.1,7.1,30.9,2.1,15.4,79.6,8.7,25.7,86.9,7.4,29.6,1.9,8.0
IN,Fort Wayne,1825000,18.9,26.0,14.9,31.1,64.5,6.1,10.5,6.5,61.0,71.4,59.3,7.8,31.2,25.9,23.7,62.7,10.8,32.9,2.7,26.2,69.9,13.3,33.4,75.8,12.8,36.3,3.1,16.0
IN,Gary,1827000,28.6,31.1,10.3,47.8,69.4,5.2,13.5,7.9,71.0,70.7,46.3,10.2,18.8,16.6,31.4,38.8,18.2,33.9,3.8,37.3,70.6,17.3,46.9,71.7,18.3,52.0,5.6,30.4
IN,Hammond,1831000,27.3,27.5,13.7,36.4,63.3,5.6,10.9,7.3,64.3,70.2,47.2,8.9,24.2,21.0,27.2,48.5,13.0,34.4,3.0,32.2,66.5,15.0,37.5,72.4,15.8,43.6,3.6,22.7
IN,Indianapolis,1836003,20.0,27.1,14.9,32.9,63.4,5.7,11.5,6.6,66.1,71.6,62.0,8.4,36.3,31.4,23.9,60.1,11.2,34.1,2.9,27.6,75.1,13.8,34.9,77.0,13.7,39.2,3.5,18.9
IN,Lafayette,1840788,18.6,26.2,14.8,31.5,62.8,6.2,10.5,6.7,64.0,72.8,59.1,8.2,27.3,30.1,23.2,58.9,9.7,35.0,2.8,25.4,68.4,13.6,31.8,74.4,13.3,38.0,3.0,17.4
IN,Muncie,1851876,21.1,30.0,13.1,36.5,65.3,6.2,11.8,7.4,64.9,69.8,54.8,10.1,30.9,27.9,27.9,53.8,11.5,34.8,2.9,30.8,69.9,15.9,36.7,72.2,15.8,39.5,3.6,20.1
IN,South Bend,1871000,22.9,27.8,13.6,34.4,65.4,6.0,11.5,7.0,61.2,70.8,56.3,8.7,29.1,27.8,25.0,54.2,12.1,34.4,2.9,29.6,69.9,14.9,37.3,74.3,15.0,40.6,3.7,20.8
IA,Cedar Rapids,1912000,9.2,22.8,20.5,28.1,60.2,6.2,8.4,5.4,69.5,74.7,68.2,5.3,35.3,35.2,18.7,70.2,8.4,36.0,2.4,23.1,83.0,9.4,32.0,85.2,9.6,29.0,2.5,13.5
IA,Davenport,1919000,11.3,23.2,20.9,29.3,60.7,6.0,8.6,5.7,71.4,72.7,64.1,5.6,34.9,34.4,20.9,67.5,9.1,35.1,2.5,23.4,81.1,10.1,33.3,82.4,10.5,33.2,2.8,14.5
IA,Des Moines,1921000,13.0,24.9,18.3,31.2,60.2,5.8,8.5,5.9,69.1,75.2,62.3,6.1,38.7,32.6,22.9,65.1,9.7,36.4,2.4,25.2,79.3,10.5,32.6,82.2,11.3,31.3,3.0,15.0
IA,Iowa City,1938595,9.3,21.5,20.1,27.6,60.7,6.0,8.3,5.3,68.5,74.0,66.5,4.8,36.9,34.0,16.3,71.1,8.0,31.6,2.3,19.9,79.4,8.9,28.5,83.4,9.2,27.4,2.5,10.2
IA,Sioux City,1973335,14.1,24.2,19.7,30.3,60.6,5.9,8.7,6.0,70.9,69.6,62.9,6.3,38.4,33.7,22.8,62.9,9.7,35.3,2.6,27.7,77.0,10.8,35.5,80.3,11.7,33.2,2.9,16.5
IA,Waterloo,1982425,12.9,24.9,21.1,30.0,61.8,6.0,9.0,6.2,70.2,71.6,63.7,6.3,35.7,33.2,21.6,64.0,9.8,35.0,2.6,25.3,80.0,10.9,35.3,82.8,11.3,33.5,3.1,16.1
KS,Kansas City,2036000,28.4,26.2,14.3,36.4,59.9,5.7,10.4,6.8,65.9,67.4,53.8,8.2,25.0,27.0,25.2,53.4,13.4,32.2,3.2,32.2,74.8,12.6,38.2,76.8,14.2,36.5,4.0,24.3
KS,Lawrence,2038900,13.9,21.3,16.8,26.1,60.5,6.4,9.4,5.5,67.8,72.2,65.2,5.9,40.0,39.1,17.3,68.0,8.4,31.1,2.3,20.2,78.1,9.5,28.2,81.4,9.6,28.2,2.6,12.1
KS,Olathe,2052575,12.2,21.0,18.0,26.7,60.9,6.4,8.0,4.9,69.3,77.5,68.5,5.0,43.6,36.0,15.2,75.2,8.0,32.2,2.3,19.6,81.0,8.4,27.3,85.6,8.2,27.7,2.3,10.9
KS,Overland Park,2053775,9.8,19.9,17.9,26.0,60.5,6.5,7.7,4.5,69.9,78.0,70.5,4.3,45.1,38.0,12.9,78.7,7.2,31.9,2.1,17.1,82.2,7.4,25.3,86.7,7.1,26.4,2.1,8.5
KS,Topeka,2071000,20.0,25.2,14.6,32.1,62.3,6.2,10.0,6.0,67.1,70.6,63.4,7.2,38.2,39.6,24.1,64.6,10.8,34.0,2.6,26.1,75.9,11.0,34.9,79.2,11.5,31.4,3.1,16.5
KS,Wichita,2079000,20.0,24.4,13.9,32.3,61.2,6.2,9.6,6.1,67.9,70.6,64.3,6.8,33.3,32.3,20.8,63.2,11.1,34.0,2.7,25.8,74.5,10.8,34.3,81.0,11.6,32.7,3.1,17.9
KY,Lexington,2146027,10.4,27.7,12.4,36.2,63.9,6.6,11.1,7.2,73.0,75.3,69.6,8.3,40.4,43.8,23.2,64.8,10.8,36.2,3.2,26.3,81.9,12.3,30.8,81.9,13.7,37.4,3.0,19.2
KY,Louisville,2148006,11.4,29.6,14.6,35.2,67.2,6.5,11.7,7.5,73.3,75.7,67.6,9.5,38.0,38.3,25.5,60.1,11.4,35.0,3.2,27.8,80.8,13.3,32.9,80.7,14.2,37.8,3.3,18.8
LA,Baton Rouge,2205000,22.9,25.8,15.7,41.6,68.3,5.9,8.9,7.7,77.0,74.5,62.3,7.1,39.3,32.7,22.8,56.2,12.6,32.8,3.0,30.4,79.8,13.6,36.8,82.3,14.4,36.6,4.0,19.2
LA,Kenner,2239475,23.0,23.1,17.6,35.6,64.1,5.8,7.9,7.2,75.1,73.8,63.7,6.2,35.9,35.0,21.0,59.7,10.6,33.4,2.7,29.1,82.4,12.4,36.7,84.5,13.3,37.6,3.1,16.5
LA,Lafayette,2240735,20.4,24.8,17.2,36.7,66.9,6.1,8.7,7.5,74.5,72.5,63.0,6.9,35.1,35.5,23.8,59.6,10.6,32.8,2.9,27.8,77.9,13.0,34.1,81.4,13.6,35.0,3.4,18.1
LA,Lake Charles,2241155,25.3,27.3,15.3,42.4,68.3,6.0,9.2,8.0,76.9,73.4,60.7,7.8,32.1,33.5,28.0,49.9,12.7,34.9,3.0,32.5,78.4,14.6,36.9,81.0,15.6,39.0,4.2,22.8
LA,New Orleans,2255000,23.4,24.3,17.3,41.2,69.9,5.5,9.0,7.7,74.7,74.3,62.7,6.9,37.7,31.4,23.6,55.8,13.0,33.1,3.1,28.2,80.8,13.5,34.4,83.4,14.9,38.5,4.3,21.6
LA,Shreveport,2270000,24.7,27.3,15.7,43.5,68.2,5.9,9.3,7.8,75.7,73.1,58.9,7.5,34.5,36.0,25.9,52.7,12.7,35.1,3.0,31.7,76.5,14.2,37.1,82.5,15.3,40.7,4.2,21.2
ME,Portland,2360545,14.0,25.2,18.0,28.3,59.1,6.5,10.8,5.8,70.1,75.9,72.8,6.4,37.7,35.7,16.1,67.6,8.2,30.7,2.3,18.0,81.6,11.7,26.2,82.8,10.6,30.3,2.6,13.5
MD,Baltimore,2404000,14.7,28.3,13.9,38.8,67.4,5.7,11.2,6.4,75.4,76.4,65.8,8.0,29.6,32.6,23.2,59.7,14.0,33.0,3.2,26.3,83.3,14.0,35.6,85.2,13.5,44.4,4.5,20.0
MA,Boston,2507000,10.0,23.8,17.7,29.5,59.6,5.8,12.1,6.0,75.6,78.4,67.8,6.7,29.1,31.9,17.4,65.9,10.8,31.1,3.0,21.6,86.6,13.4,26.0,85.0,12.3,36.8,3.1,17.5
MA,Brockton,2509000,12.0,29.4,16.4,34.4,61.8,6.4,13.8,7.0,80.9,79.7,63.7,9.4,25.4,26.7,26.0,55.7,12.4,32.8,3.3,28.8,83.4,16.6,35.9,84.4,15.3,45.7,3.5,24.6
MA,Cambridge,2511000,5.6,22.6,17.4,28.4,57.3,6.6,10.9,4.9,76.4,80.9,73.9,4.8,34.0,32.4,12.1,74.3,8.2,31.3,2.4,17.7,88.0,10.1,23.3,87.5,9.0,33.5,2.2,12.5
MA,Fall River,2523000,11.7,31.0,17.4,32.0,60.4,6.8,14.7,7.6,80.1,78.8,64.4,11.1,29.3,22.6,28.6,55.3,11.7,38.6,3.1,28.8,82.9,18.3,32.5,82.9,17.5,43.9,3.5,28.1
MA,Lawrence,2534550,21.7,28.3,15.1,33.4,58.9,5.4,13.0,7.5,76.9,74.8,58.4,8.7,23.4,21.7,20.9,53.5,15.1,35.9,4.3,34.9,83.1,16.6,35.9,84.2,18.6,42.5,3.4,23.7
MA,Lowell,2537000,11.6,25.6,16.1,28.6,57.3,6.3,12.1,6.3,74.1,79.6,65.0,7.5,29.5,27.4,19.9,60.2,10.8,32.0,2.9,27.8,84.0,14.3,26.7,81.0,13.5,38.6,2.9,22.7
MA,Lynn,2537490,13.7,28.2,16.6,32.6,59.4,6.2,13.2,6.8,78.4,77.3,66.3,8.7,26.8,27.0,21.3,60.9,11.7,34.7,3.4,28.7,84.9,15.2,31.6,85.5,15.2,41.7,3.2,19.8
MA,New Bedford,2545000,13.5,30.8,16.9,32.6,60.4,6.6,14.6,7.7,80.2,78.4,64.0,10.8,28.7,22.3,27.9,54.4,12.4,38.6,3.3,29.5,82.9,18.4,33.6,83.1,17.9,44.5,3.6,27.5
MA,Newton,2545560,4.1,21.2,19.2,25.3,55.1,6.8,10.2,4.4,76.6,82.5,76.9,4.1,36.3,35.9,10.7,79.4,6.7,30.5,2.2,14.9,88.9,9.0,20.4,89.4,7.4,31.2,1.8,9.9
MA,Quincy,2555745,7.0,23.1,16.5,27.4,60.9,6.5,10.7,5.2,76.3,81.3,69.4,6.2,30.6,30.7,16.8,69.7,9.0,30.6,2.7,21.4,86.6,11.6,21.9,84.1,10.4,36.9,2.4,14.6
MA,Somerville,2562535,7.0,23.9,18.1,27.9,56.4,6.6,11.5,5.5,75.4,81.0,70.9,5.9,32.6,30.7,14.9,70.8,8.8,31.4,2.6,20.2,86.4,11.6,24.8,86.6,10.5,34.2,2.5,16.5
MA,Springfield,2567000,17.6,29.6,15.1,35.6,62.6,6.0,14.5,7.3,76.5,75.5,63.3,9.5,26.9,26.8,24.4,56.8,14.0,33.7,4.3,33.3,83.0,17.3,33.1,82.7,18.0,43.5,3.8,24.4
MA,Worcester,2582000,11.2,25.7,16.0,30.3,59.8,6.5,12.1,6.4,77.4,78.7,66.9,7.5,29.8,28.7,21.4,62.7,10.8,33.9,3.1,24.9,84.7,14.4,31.1,85.4,13.2,40.4,2.9,19.7
MI,Ann Arbor,2603000,9.4,24.2,18.7,27.3,57.1,6.4,9.2,5.1,69.3,76.1,74.6,5.0,35.6,41.7,13.1,77.4,7.6,33.1,2.6,16.8,85.9,9.4,26.4,84.0,8.6,31.0,2.2,7.3
MI,Dearborn,2621000,16.3,29.8,19.4,32.3,56.5,6.8,11.3,7.3,67.2,74.6,64.1,9.6,34.9,30.9,25.8,63.8,9.5,36.8,3.2,25.6,79.4,14.6,31.2,78.4,14.0,38.8,3.2,14.8
MI,Detroit,2622000,25.5,33.9,13.5,46.3,64.5,5.9,13.9,8.4,74.5,74.2,58.6,10.8,24.5,21.2,29.8,47.2,17.6,36.6,4.6,36.4,81.8,17.2,45.2,78.0,18.3,50.8,5.8,25.6
MI,Farmington Hills,2627440,9.0,24.9,19.8,28.7,57.8,6.6,9.4,5.3,72.2,79.9,71.6,5.2,35.1,37.5,14.2,76.4,7.9,32.9,2.8,18.1,82.5,9.6,26.4,85.8,8.7,35.6,2.3,8.8
MI,Flint,2629000,23.3,35.8,14.8,42.9,62.7,6.0,13.3,8.4,72.8,72.4,59.8,11.4,27.0,24.1,28.5,52.4,15.8,34.8,4.1,36.4,80.1,17.4,42.7,78.0,18.7,44.0,5.2,25.2
MI,Grand Rapids,2634000,17.5,28.7,18.9,35.9,60.1,6.4,11.0,6.8,71.4,74.6,66.5,7.9,35.5,38.5,20.5,64.5,11.0,35.0,3.3,27.0,81.9,13.5,35.1,81.5,13.9,35.8,3.3,13.7
MI,Kalamazoo,2642160,17.3,31.4,17.7,34.7,60.8,6.5,11.7,7.3,70.7,72.1,66.4,9.0,35.3,31.7,21.6,61.4,11.5,34.9,3.4,26.3,79.9,14.6,41.2,80.1,14.8,35.5,3.6,15.1
MI,Lansing,2646000,17.2,29.9,17.7,34.2,60.9,6.3,11.3,7.2,68.4,73.9,65.8,8.5,33.5,30.0,22.5,63.2,11.6,36.0,3.4,28.2,78.9,14.0,36.1,80.6,14.2,36.4,3.5,17.2
MI,Livonia,2649000,9.0,25.8,22.7,28.1,53.6,6.8,9.3,5.6,69.6,78.4,72.6,6.0,38.6,36.4,18.4,76.4,7.2,34.9,2.7,18.2,84.2,10.3,25.7,86.2,9.0,35.5,2.2,8.7
MI,Rochester Hills,2669035,8.6,24.3,21.0,27.0,56.0,6.6,9.1,5.2,70.8,79.8,72.0,5.1,35.9,38.6,14.1,77.8,7.2,33.1,2.7,17.3,82.0,9.4,24.7,85.4,8.4,34.1,2.1,8.1
MI,Southfield,2674900,13.1,28.3,16.5,37.8,63.3,6.2,11.5,6.0,76.6,79.8,69.0,6.3,29.3,31.7,17.6,66.8,12.1,32.7,3.6,23.6,83.8,11.8,36.7,86.1,11.3,43.5,3.5,13.1
MI,Sterling Heights,2676460,12.2,27.9,20.6,32.4,59.0,6.5,10.1,6.5,70.1,76.0,69.9,7.4,37.2,31.3,22.9,69.8,8.7,35.5,2.9,24.7,79.4,12.1,30.9,80.7,11.5,36.2,2.7,12.3
MI,Troy,2680700,8.5,23.7,19.9,27.0,56.1,6.4,8.7,5.2,71.0,79.4,71.3,4.9,35.4,38.0,13.3,77.7,7.4,33.2,2.6,17.6,81.9,9.0,23.2,84.4,8.2,34.2,2.1,8.6
MI,Warren,2684000,16.0,30.0,19.3,34.7,60.8,6.5,11.1,7.3,69.8,75.1,66.4,9.0,35.6,28.9,27.2,63.1,10.1,35.9,3.1,29.0,77.4,14.1,34.9,77.6,13.9,38.7,3.2,15.3
MI,Westland,2686000,14.1,29.0,19.8,31.9,56.9,6.7,10.8,6.6,69.6,76.8,66.5,8.2,34.8,31.4,24.0,66.6,9.4,35.7,3.2,24.6,81.4,13.1,31.0,81.9,12.3,40.1,3.0,13.4
MI,Wyoming,2688940,16.2,28.0,20.4,32.6,57.4,6.4,10.4,6.7,70.5,75.6,67.0,7.8,35.7,38.3,20.4,66.7,9.9,34.7,3.1,26.3,81.3,13.0,32.6,82.3,13.1,34.7,2.9,14.2
MN,Bloomington,2706616,8.5,18.7,21.1,24.4,55.4,5.9,8.7,4.7,67.6,77.2,69.6,4.0,32.5,37.9,15.5,74.9,6.7,31.3,1.9,17.5,81.3,8.3,23.1,85.6,7.7,29.0,2.2,7.7
MN,Brooklyn Park,2707966,11.1,19.7,18.4,26.5,57.8,5.6,9.3,5.1,68.8,76.7,66.4,4.5,30.0,35.1,17.5,69.0,8.3,31.4,2.1,21.3,80.2,9.3,25.4,82.8,8.9,32.4,2.7,9.8
MN,Duluth,2717000,10.5,24.3,21.2,25.5,59.4,6.1,9.4,5.8,66.7,73.5,64.4,5.6,35.9,33.6,22.0,67.2,8.1,29.1,2.1,21.5,74.7,10.4,30.1,80.8,10.5,31.1,2.8,13.1
MN,Minneapolis,2743000,11.7,20.0,19.1,27.9,58.1,5.8,9.6,5.4,67.4,75.1,65.9,4.8,30.0,34.2,17.4,68.7,8.6,32.2,2.3,20.6,80.0,9.6,26.7,83.0,9.5,30.7,2.9,10.7
MN,Plymouth,2751730,6.1,17.5,21.6,23.2,54.4,6.0,8.2,4.3,68.3,78.2,72.4,3.3,33.9,40.0,12.6,79.7,5.9,30.9,1.7,14.4,82.7,7.1,20.9,87.5,6.4,26.9,1.9,6.0
MN,Rochester,2754880,8.4,19.4,21.1,26.6,57.8,6.1,7.9,4.9,65.9,74.6,72.1,4.2,35.6,35.3,15.0,72.3,7.0,29.3,1.9,18.5,83.2,8.4,27.1,85.8,7.9,29.5,2.3,9.1
MN,St. Paul,2758000,12.7,20.6,18.0,27.7,59.8,5.9,9.0,5.5,68.6,73.8,64.7,5.2,30.5,34.5,19.7,64.7,9.1,31.2,2.3,22.6,80.6,10.0,29.6,81.9,10.5,31.2,2.9,13.2
MS,Gulfport,2829700,21.9,27.0,13.7,40.7,68.7,6.0,9.0,6.9,74.3,71.0,57.4,7.4,34.0,30.6,24.1,55.2,12.4,37.2,3.1,30.7,69.5,14.1,34.6,78.7,14.1,38.9,3.9,20.7
MS,Jackson,2836000,23.5,28.8,11.4,45.2,72.1,5.6,10.0,6.9,77.5,72.4,59.7,7.2,34.0,29.6,23.4,49.5,15.1,36.3,3.4,33.0,75.8,14.5,40.6,82.4,14.8,43.6,4.8,23.8
MO,Columbia,2915670,13.5,24.4,15.6,28.8,63.6,6.3,9.4,5.8,66.8,72.0,65.3,6.3,39.7,35.4,18.3,62.8,8.9,29.7,2.2,21.3,74.9,11.4,29.2,80.5,11.6,30.0,2.7,13.5
MO,Independence,2935000,17.1,26.0,15.9,29.3,63.1,6.5,10.1,6.6,65.2,70.6,60.8,8.0,38.4,38.2,25.0,56.5,9.7,34.2,2.3,25.4,72.9,13.3,32.2,77.3,13.9,33.7,3.1,18.4
MO,Kansas City,2938000,17.7,26.0,14.7,32.9,66.1,6.1,10.3,6.5,67.8,71.5,61.2,7.3,35.9,35.6,22.3,55.9,11.5,33.5,2.7,25.7,74.6,12.6,34.7,79.3,13.7,35.6,3.5,19.6
MO,Lee's Summit,2941348,10.1,22.8,17.4,27.2,61.8,6.6,8.9,5.3,67.6,73.3,68.5,5.4,41.9,43.2,17.6,68.8,7.7,32.9,2.0,18.0,77.9,9.9,27.5,84.0,9.7,30.4,2.3,11.9
MO,O'Fallon,2954074,10.4,23.8,17.6,26.1,60.7,6.4,8.6,5.4,68.6,75.1,67.7,5.7,40.5,42.5,17.8,66.2,7.7,32.8,2.1,20.5,76.5,10.4,24.9,83.0,10.1,32.4,2.3,13.0
MO,St. Joseph,2964550,16.6,27.1,15.6,30.8,63.6,6.4,9.9,6.7,65.9,69.9,59.6,8.3,36.4,36.4,24.8,52.5,9.9,35.3,2.4,27.9,70.1,13.4,32.4,77.4,13.9,37.9,3.1,20.9
MO,St. Louis,2965000,19.3,27.9,14.9,35.2,67.8,5.9,11.2,7.0,71.7,70.6,58.8,8.2,36.5,30.2,24.9,51.9,13.8,31.1,3.3,27.6,71.2,14.0,37.0,78.3,15.6,39.0,4.3,24.4
MO,Springfield,2970000,17.6,27.5,15.1,29.7,64.4,6.4,10.2,6.8,63.5,69.7,58.7,8.6,40.3,34.6,24.4,52.0,10.0,32.4,2.4,26.2,68.0,13.9,35.9,75.6,14.7,34.6,3.2,20.0
MT,Billings,3006550,15.4,23.1,19.6,26.9,52.9,6.3,9.6,5.2,63.4,70.8,60.4,6.0,38.8,34.1,21.6,62.9,7.7,29.7,2.1,20.3,72.1,10.8,27.6,80.2,11.7,30.0,2.6,15.7
MT,Missoula,3050200,14.2,22.6,20.1,27.0,52.3,6.3,9.3,5.3,60.6,70.4,60.7,5.9,34.8,32.5,18.3,66.4,7.4,30.6,2.1,17.1,76.2,10.5,25.5,80.0,11.3,29.4,2.6,13.3
NE,Lincoln,3128000,13.5,22.5,21.8,26.8,58.7,5.8,8.4,5.1,60.8,71.1,63.4,5.5,39.3,32.7,18.6,68.3,7.7,32.8,2.1,18.8,75.8,9.1,27.8,78.7,9.0,30.7,2.5,10.2
NE,Omaha,3137000,16.3,23.6,20.9,29.2,61.0,5.7,8.3,5.6,64.8,71.6,62.6,5.7,37.4,35.6,20.4,64.1,9.4,31.4,2.4,22.3,76.4,9.5,30.6,80.9,10.2,32.8,2.9,13.8
NV,Henderson,3231900,14.2,21.6,17.6,27.4,53.7,6.2,8.6,5.6,64.2,72.8,63.2,6.2,34.9,30.9,17.7,65.1,8.5,32.1,3.0,20.5,74.0,10.6,26.1,81.3,10.5,36.2,2.5,13.4
NV,Las Vegas,3240000,22.6,23.1,15.9,29.9,55.5,5.9,9.3,6.5,63.4,70.7,57.5,7.4,32.1,27.6,20.4,56.1,10.8,32.9,3.4,26.2,71.3,12.4,30.3,78.0,13.5,38.9,3.1,18.2
NV,North Las Vegas,3251800,25.5,23.8,14.9,31.5,56.5,5.6,9.7,6.8,64.0,70.6,55.3,7.9,28.9,24.5,21.4,52.0,12.5,32.9,3.6,29.0,71.1,13.2,32.4,77.0,14.8,41.0,3.6,22.7
NV,Reno,3260600,19.6,22.7,19.0,28.1,52.0,6.1,9.3,6.1,60.2,72.3,59.9,7.3,31.9,28.0,19.3,60.4,8.8,33.6,3.0,20.3,70.6,12.3,22.8,76.9,13.0,33.7,2.9,16.3
NV,Sparks,3268400,19.4,22.7,19.4,27.4,51.6,6.0,9.3,6.0,60.4,73.0,60.3,7.2,31.1,27.2,19.3,60.8,8.7,33.2,3.0,20.5,70.6,12.2,22.6,77.8,12.8,33.9,2.8,17.3
NH,Manchester,3345140,17.6,25.6,16.4,28.4,59.3,6.4,11.1,5.8,68.7,76.7,65.7,7.1,32.2,32.2,19.8,63.5,9.0,31.2,2.3,21.6,79.7,12.0,31.2,82.0,11.8,36.5,2.7,16.1
NH,Nashua,3350260,16.1,24.4,16.5,27.7,58.8,6.4,10.5,5.4,69.2,77.0,67.8,6.3,33.4,33.7,17.6,66.7,8.5,31.0,2.2,19.8,81.0,11.0,29.4,83.3,10.7,35.5,2.5,14.1
NJ,Camden,3410000,33.9,27.9,12.1,42.2,64.8,4.8,11.7,8.2,73.7,71.1,49.2,9.2,21.4,16.3,24.9,45.0,17.8,36.8,3.6,41.6,73.4,17.2,42.2,74.8,20.1,50.8,5.2,30.0
NJ,Clifton,3413690,16.3,20.6,18.8,27.7,55.3,5.5,8.1,5.4,72.6,76.1,62.1,5.2,33.4,27.0,16.5,68.7,8.6,36.3,2.3,23.3,78.4,10.8,25.9,83.1,10.6,38.6,2.4,11.6
NJ,Elizabeth,3421000,29.3,23.2,14.7,29.9,58.8,4.9,8.9,7.0,72.2,72.7,49.7,6.6,25.2,21.1,21.1,53.5,13.1,33.5,3.0,33.2,75.6,13.8,32.7,79.3,15.3,43.4,3.4,20.0
NJ,Jersey City,3436000,17.8,20.8,15.0,31.6,60.9,4.9,8.9,6.0,76.2,75.5,54.3,5.8,22.6,21.9,16.2,60.8,11.3,33.4,2.6,28.6,75.0,11.1,25.4,76.5,12.2,43.7,3.1,18.4
NJ,Newark,3451000,28.9,24.8,13.3,39.0,63.1,4.8,10.9,7.6,74.8,73.9,53.0,8.4,24.0,17.5,24.0,49.8,15.7,36.0,3.2,35.8,74.7,15.7,37.6,74.5,17.5,48.0,4.6,25.0
NJ,Passaic,3456550,36.5,23.6,14.8,33.2,58.2,4.7,9.5,7.4,70.0,70.9,47.1,7.3,25.5,18.1,21.6,48.7,14.7,38.7,3.3,37.3,72.3,15.3,35.6,74.7,18.1,43.6,3.7,21.5
NJ,Paterson,3457000,32.3,24.4,14.5,35.7,60.6,4.7,10.1,7.3,72.5,72.3,49.3,7.4,24.7,17.5,22.2,49.4,15.1,38.1,3.4,36.3,74.7,15.2,37.3,77.3,17.4,45.7,4.0,22.4
NJ,Trenton,3474000,28.7,26.4,14.1,38.2,64.5,5.1,11.3,7.9,74.3,75.3,51.0,8.8,24.6,18.0,27.0,47.9,15.2,36.1,3.0,34.8,73.6,16.0,39.3,77.5,17.7,45.3,4.7,29.7
NJ,Union City,3474630,32.6,21.4,16.0,30.0,58.2,4.4,8.8,7.1,72.4,73.0,46.1,6.1,20.3,17.4,18.0,51.5,14.0,34.6,3.4,36.0,70.7,13.5,31.4,75.6,16.4,43.2,3.0,20.6
NM,Albuquerque,3502000,17.0,22.4,14.5,25.9,54.3,6.1,9.8,5.3,61.1,70.1,63.9,5.4,32.7,32.6,18.8,64.2,9.3,29.2,2.9,20.4,75.0,11.6,25.5,80.4,12.1,32.8,2.6,14.0
NM,Las Cruces,3539380,19.9,23.2,15.7,29.1,57.1,5.7,9.4,5.5,61.2,67.5,55.3,5.8,33.1,25.1,17.9,64.0,10.3,31.4,3.1,21.1,70.2,12.2,28.8,79.5,13.5,32.2,2.8,14.3
NM,Rio Rancho,3563460,13.2,21.5,16.2,25.3,53.6,6.0,9.0,5.2,61.1,70.4,62.0,5.3,35.9,29.4,16.2,65.2,8.2,30.5,2.7,18.3,71.0,10.8,25.0,81.7,11.0,31.9,2.4,13.1
NM,Santa Fe,3570500,17.8,20.4,14.3,22.8,51.2,5.9,9.1,4.9,59.0,70.4,58.4,4.9,35.6,27.1,16.0,66.9,7.9,28.4,2.8,17.0,70.8,10.9,19.4,82.0,11.2,27.1,2.4,11.1
NY,Albany,3601000,14.8,25.7,15.5,33.4,62.4,5.8,10.9,6.0,73.8,78.2,62.4,7.1,31.7,28.6,19.0,60.6,10.9,33.8,2.2,26.1,76.6,13.2,31.1,80.8,13.1,39.7,3.3,16.5
NY,Buffalo,3611000,18.3,27.6,15.6,34.5,63.8,5.6,11.9,6.8,75.8,75.9,58.9,8.6,25.4,24.5,22.8,54.7,12.8,33.0,2.6,31.2,77.6,15.2,36.3,79.7,15.6,43.6,4.1,22.6
NY,Mount Vernon,3649121,16.4,24.5,14.2,37.5,63.8,5.4,11.4,5.7,74.2,79.7,62.4,6.4,25.8,28.4,18.0,56.4,12.5,33.4,2.5,28.0,79.9,13.2,33.5,83.2,13.1,46.7,3.7,17.5
NY,New Rochelle,3650617,14.9,21.6,16.8,30.7,59.3,5.6,9.5,5.2,70.4,79.1,65.2,5.3,30.6,32.9,14.4,64.9,9.3,33.8,2.1,23.3,79.1,11.1,26.7,83.8,10.9,39.9,2.6,13.1
NY,New York,3651000,18.3,22.4,15.5,30.7,59.0,5.3,10.2,5.6,74.3,77.0,62.2,6.0,28.6,26.3,16.8,61.3,11.2,34.1,2.3,28.8,77.9,12.6,26.3,80.7,13.1,41.0,3.1,15.9
NY,Rochester,3663000,20.3,26.9,14.3,38.0,65.0,5.7,12.2,6.9,70.4,76.6,59.1,8.6,26.6,28.1,22.8,55.1,13.3,32.8,2.6,30.1,77.5,15.6,38.6,79.2,16.0,42.4,4.2,22.7
NY,Schenectady,3665508,17.4,26.0,16.0,31.9,60.8,5.9,11.5,6.5,72.4,76.5,60.3,8.3,28.6,29.4,23.2,58.0,10.8,36.3,2.2,28.6,73.9,15.0,32.5,79.0,14.8,41.6,3.5,19.2
NY,Syracuse,3673000,19.1,27.2,14.8,33.3,62.3,5.9,12.1,7.0,72.6,75.0,60.4,9.1,28.5,25.6,24.1,54.9,11.8,36.0,2.4,30.7,75.1,15.8,33.7,77.8,16.0,39.7,4.0,21.0
NY,Yonkers,3684000,18.1,22.4,16.0,30.8,59.5,5.5,9.8,5.5,69.6,78.5,61.6,5.8,29.7,31.7,16.0,60.7,10.2,34.1,2.2,26.5,77.3,12.3,28.2,81.4,12.4,41.2,2.8,14.1
NC,Asheville,3702140,16.7,24.0,14.9,33.3,60.8,6.2,8.4,6.1,74.8,76.2,69.6,6.3,36.8,40.9,19.0,67.5,8.7,33.5,2.3,20.1,81.2,11.4,26.4,84.6,11.2,30.3,2.9,13.9
NC,Cary,3710740,12.2,20.1,15.9,25.8,56.1,5.9,6.9,5.0,72.2,79.0,74.2,4.3,43.6,43.8,12.8,73.6,6.8,31.6,2.0,14.4,83.9,8.5,21.2,87.5,8.0,27.9,2.1,9.4
NC,Charlotte,3712000,19.8,24.3,14.7,34.7,61.5,5.8,8.4,6.1,74.6,77.1,67.9,6.1,38.2,38.5,16.8,62.2,10.3,36.0,2.7,20.5,79.8,11.4,27.8,85.1,11.4,34.0,3.3,15.8
NC,Concord,3714100,19.5,24.6,14.0,33.8,62.0,6.0,8.5,6.5,73.3,76.3,67.1,6.9,39.0,36.1,20.1,60.5,9.4,34.7,2.5,22.5,80.7,12.1,28.2,83.9,12.3,33.5,3.1,18.5
NC,Durham,3719000,20.4,23.8,13.2,35.0,63.5,5.7,8.8,6.3,76.6,77.8,69.6,6.2,39.2,38.8,17.0,65.0,10.8,31.8,2.6,22.8,84.1,11.6,31.3,85.5,11.8,33.5,3.5,16.4
NC,Fayetteville,3722920,19.2,27.5,13.3,38.8,63.7,5.7,8.9,6.6,78.3,76.6,68.2,6.7,37.0,39.9,21.0,63.1,11.8,31.7,2.7,24.1,81.5,12.4,34.6,84.8,12.5,39.9,3.6,18.4
NC,Gastonia,3725580,24.6,28.0,13.3,35.8,64.1,6.0,9.6,7.1,73.3,74.6,63.4,8.3,34.3,35.3,24.8,54.5,11.2,37.0,2.7,28.3,76.6,14.1,32.6,81.8,14.5,38.7,3.7,22.2
NC,Greensboro,3728000,20.6,23.8,13.6,35.7,63.7,5.7,8.9,6.3,75.3,76.5,68.2,6.7,38.5,37.6,19.8,59.2,10.7,34.2,2.7,22.7,80.6,12.2,32.8,83.2,12.1,35.0,3.5,16.6
NC,Greenville,3728080,19.8,25.8,12.4,38.9,65.2,5.8,9.3,6.8,76.4,75.8,66.6,7.3,36.0,36.6,20.4,60.8,11.3,35.5,2.7,24.6,79.3,12.9,32.0,83.1,13.2,35.7,3.8,18.2
NC,High Point,3731400,22.7,24.5,13.6,35.0,63.3,5.7,9.1,6.7,74.3,75.9,65.9,7.5,37.5,36.0,21.5,57.0,11.1,34.5,2.7,24.6,79.0,13.1,32.7,81.2,13.3,35.2,3.7,19.2
NC,Jacksonville,3734200,19.9,25.5,14.6,36.8,61.3,5.9,8.4,6.5,74.3,75.5,68.8,6.8,38.7,38.0,21.5,62.0,10.3,35.2,2.5,24.2,80.4,12.3,31.6,83.7,12.5,36.7,3.3,17.8
NC,Raleigh,3755000,17.8,22.8,14.5,30.4,59.9,5.8,8.1,5.8,72.7,77.6,70.4,5.6,40.7,39.5,16.7,64.8,9.2,32.2,2.4,18.6,82.8,10.8,27.4,85.8,10.6,31.7,2.9,13.1
NC,Wilmington,3774440,19.5,25.3,15.1,34.7,62.3,6.0,8.7,6.4,75.0,76.7,67.6,6.7,40.8,40.4,18.8,65.0,9.5,34.8,2.4,20.5,81.8,12.4,28.2,83.6,12.2,32.5,3.2,15.5
NC,Winston-Salem,3775000,23.8,25.6,12.7,34.1,66.0,5.8,9.1,6.7,75.4,76.1,66.6,7.2,41.0,41.0,20.5,60.7,11.6,35.1,2.7,24.8,81.1,13.0,34.8,81.5,13.3,36.3,3.7,17.5
ND,Fargo,3825700,9.9,21.7,23.0,30.4,60.5,5.9,8.3,5.7,67.4,72.6,63.9,4.5,39.7,37.1,17.7,71.7,7.5,30.8,2.1,18.9,79.0,8.1,31.7,82.4,8.3,29.0,2.5,10.3
OH,Akron,3901000,17.6,29.0,14.8,36.2,66.9,5.7,11.6,7.5,70.1,72.9,56.6,9.4,28.8,26.9,26.8,51.3,13.0,33.0,3.3,31.0,70.1,15.3,37.3,74.7,15.5,44.1,3.9,23.6
OH,Canton,3912000,19.2,30.5,15.6,36.5,65.1,5.9,11.8,7.9,69.3,70.9,55.4,10.3,30.9,26.7,28.1,50.9,13.3,34.3,3.3,32.6,71.6,16.5,38.6,73.7,16.5,41.5,4.0,24.3
OH,Cincinnati,3915000,17.3,28.7,15.9,36.9,65.0,5.7,11.4,7.3,72.7,73.2,61.1,8.8,32.9,25.0,24.0,58.1,13.8,32.8,3.6,27.0,74.6,14.7,36.5,78.3,14.9,38.9,4.2,22.3
OH,Cleveland,3916000,23.3,31.8,15.2,38.7,67.1,5.5,13.1,8.3,73.1,72.8,54.6,10.8,26.5,21.1,27.9,48.7,16.8,32.4,4.1,34.2,74.1,17.2,42.1,73.3,18.4,45.4,5.1,28.7
OH,Columbus,3918000,14.8,27.7,17.0,34.4,64.4,6.0,10.8,7.0,71.9,74.9,62.9,8.2,31.5,29.9,21.7,63.2,12.4,34.7,3.2,27.0,76.4,13.6,35.0,80.0,13.7,40.2,3.6,19.8
OH,Dayton,3921000,20.5,32.7,13.6,38.8,66.7,5.6,12.7,8.6,70.8,72.1,57.2,10.7,29.6,22.6,28.7,48.5,15.9,33.6,3.8,32.2,73.4,17.0,47.2,74.8,17.9,45.7,4.9,27.5
OH,Parma,3961000,11.9,27.1,21.3,27.1,59.3,5.9,10.2,6.4,70.4,76.2,65.0,7.6,35.5,30.7,21.9,67.7,9.2,31.0,2.7,22.6,76.4,12.7,29.8,80.1,11.8,36.5,2.7,15.0
OH,Toledo,3977000,18.3,30.1,17.4,36.2,66.1,5.8,11.5,7.8,68.6,71.8,57.6,9.7,28.8,31.0,25.5,57.0,13.3,31.4,3.3,32.5,73.0,15.7,41.0,75.7,15.9,40.2,3.9,21.3
OH,Youngstown,3988000,24.8,30.9,14.4,39.6,67.4,5.6,12.2,8.6,70.9,69.2,53.3,11.1,28.0,22.2,30.2,45.2,16.2,33.4,3.8,36.5,71.0,17.7,43.8,72.4,19.1,46.0,4.9,28.7
OK,Broken Arrow,4009050,11.9,22.6,15.3,32.2,60.9,5.9,9.0,6.0,62.5,73.1,64.4,6.0,42.3,42.0,18.2,61.7,8.7,34.1,2.3,23.0,70.1,11.9,27.2,80.1,11.2,33.9,2.5,13.9
OK,Edmond,4023200,11.2,21.2,15.2,30.8,59.5,6.1,9.0,5.6,63.4,73.3,65.7,5.4,42.6,43.6,15.4,68.0,7.7,33.9,2.2,20.1,75.6,10.9,26.8,82.8,9.9,31.8,2.3,12.1
OK,Lawton,4041850,18.1,27.5,12.7,37.6,63.6,5.8,10.3,7.2,65.5,71.6,53.2,8.0,37.5,35.4,23.3,50.2,12.0,34.0,2.7,31.3,67.6,14.3,35.4,73.5,15.1,39.3,3.4,23.1
OK,Norman,4052500,13.8,25.5,14.3,35.4,60.8,6.0,9.7,6.4,60.6,72.6,61.0,6.7,41.6,36.6,19.6,62.5,9.3,36.2,2.3,26.3,71.5,12.7,30.6,76.2,12.5,34.0,2.7,14.8
OK,Oklahoma City,4055000,19.6,24.2,13.4,34.7,61.9,5.8,10.1,6.9,62.5,71.5,57.8,7.4,37.8,37.3,20.5,56.3,10.9,34.9,2.6,28.5,71.6,13.8,32.4,77.3,14.1,35.9,3.2,19.3
OK,Tulsa,4075000,18.4,24.3,13.4,36.1,63.9,5.8,10.0,6.9,61.9,70.7,60.1,7.5,40.4,38.6,21.4,52.8,11.1,34.6,2.6,28.1,67.1,14.2,31.7,76.0,14.4,36.6,3.3,18.3
OR,Beaverton,4105350,12.7,22.4,17.3,27.7,54.3,6.4,8.8,5.1,63.5,72.3,64.2,5.0,30.8,31.8,14.4,67.1,8.2,32.5,2.9,15.3,77.9,11.2,25.1,82.1,11.3,32.2,2.5,12.2
OR,Bend,4105800,11.0,23.1,20.1,27.8,50.4,6.8,9.0,5.3,60.9,71.9,66.0,5.2,37.3,30.2,16.0,68.7,7.4,32.4,2.8,14.6,76.8,11.5,26.1,82.9,11.1,30.0,2.5,11.4
OR,Eugene,4123850,13.2,23.7,18.9,28.6,53.6,6.7,9.6,5.5,58.0,68.0,64.6,5.9,34.6,32.0,17.7,65.1,7.9,32.8,3.1,14.9,77.3,12.7,28.7,79.7,12.3,31.4,2.7,10.5
OR,Gresham,4131250,17.5,24.2,20.1,27.4,51.6,6.6,10.2,5.9,57.7,70.7,61.6,6.6,32.4,28.0,22.0,60.4,9.5,31.3,3.2,18.9,75.0,13.9,26.9,78.7,14.5,31.1,3.0,17.5
OR,Hillsboro,4134100,14.3,22.8,17.7,27.5,54.0,6.4,8.9,5.3,63.1,72.4,63.5,5.3,30.4,32.1,15.5,65.5,8.6,32.4,3.1,16.2,77.5,11.7,26.0,82.2,11.9,32.8,2.6,13.0
OR,Medford,4147000,17.0,24.5,19.2,28.9,52.9,6.6,9.9,6.2,58.0,69.0,58.5,6.9,31.4,26.4,22.6,57.2,9.0,30.8,3.1,20.3,73.5,14.2,29.7,78.4,14.8,33.1,3.0,16.9
OR,Portland,4159000,12.6,22.4,20.4,27.4,51.6,6.5,9.6,5.3,59.1,71.3,65.0,5.3,34.1,30.4,17.9,66.9,8.6,31.1,3.0,15.4,77.6,11.7,24.3,81.2,12.0,29.2,2.7,13.4
OR,Salem,4164900,17.0,24.3,17.6,31.0,52.7,6.5,9.6,6.0,60.5,68.3,62.4,6.3,31.1,29.5,19.0,61.9,9.3,31.0,3.1,18.5,77.0,13.4,32.6,78.3,13.9,31.8,2.9,14.7
PA,Allentown,4202000,25.8,28.4,15.4,33.6,63.1,5.9,10.9,7.2,67.1,69.2,56.6,8.0,33.2,28.6,24.3,53.4,13.2,33.6,3.0,32.3,74.1,15.7,36.6,76.5,16.3,42.3,3.5,20.4
PA,Bethlehem,4206088,17.1,26.7,17.0,32.4,62.0,6.0,10.2,6.2,68.7,71.9,62.9,6.5,33.9,31.1,21.2,61.6,10.6,33.2,2.5,26.2,76.6,13.4,33.6,79.7,12.5,38.7,2.8,15.1
PA,Erie,4224000,17.7,28.7,16.9,34.1,63.5,6.2,11.3,7.2,70.2,70.9,61.2,8.6,31.4,29.3,27.6,57.2,11.7,34.9,2.6,26.1,74.5,15.8,36.0,75.7,14.8,37.3,3.6,21.5
PA,Philadelphia,4260000,20.1,27.4,17.5,34.7,66.7,5.7,11.5,6.7,72.3,73.5,62.5,7.4,29.3,29.3,25.5,55.3,13.2,33.3,3.0,29.0,79.9,15.4,33.9,78.4,15.2,44.3,4.0,18.9
PA,Pittsburgh,4261000,13.5,29.0,18.9,31.3,64.5,6.0,10.6,6.4,71.2,73.3,60.8,6.9,33.5,25.9,23.1,60.3,11.0,29.6,2.4,24.6,76.4,13.3,33.1,79.6,12.7,40.5,3.4,17.2
PA,Reading,4263624,33.7,31.2,12.9,35.4,64.0,5.5,11.5,8.5,68.5,65.7,48.4,9.4,27.2,23.3,28.0,47.8,16.1,35.9,3.4,37.1,70.5,18.2,41.7,71.6,20.1,41.3,4.3,27.3
PA,Scranton,4269000,16.2,29.0,16.5,33.4,62.7,6.2,10.8,6.9,70.5,72.2,58.5,7.9,33.1,26.9,25.2,59.2,10.5,31.9,2.5,27.3,73.3,14.8,32.1,76.1,14.1,39.6,3.2,18.8
RI,Cranston,4419180,9.8,24.2,18.8,30.8,61.2,6.1,10.9,5.4,80.4,80.2,71.5,5.7,34.6,35.7,18.1,70.5,8.4,33.4,2.1,24.0,85.1,11.8,25.5,86.4,10.9,38.7,2.5,13.4
RI,Pawtucket,4454640,14.9,26.9,16.5,33.7,63.1,6.0,12.7,6.5,79.9,78.8,65.2,7.7,31.1,30.5,22.3,61.4,10.8,34.1,2.5,30.3,82.2,15.0,30.3,83.4,14.6,42.2,3.3,19.3
RI,Providence,4459000,18.5,26.3,14.9,35.9,64.2,5.6,12.2,6.5,79.8,76.8,62.2,7.0,30.3,28.9,20.2,58.9,12.7,35.1,2.8,32.2,82.3,14.6,31.6,81.8,15.4,42.4,3.4,18.8
RI,Warwick,4474300,8.0,25.8,20.0,30.2,57.9,6.3,10.4,5.4,80.6,80.9,72.8,5.7,36.3,38.5,18.3,72.1,7.7,31.0,2.0,22.0,84.7,11.5,28.9,86.4,10.7,36.5,2.4,13.1
SC,Charleston,4513330,15.0,24.3,19.9,32.5,64.7,6.3,8.4,5.5,69.0,77.8,69.5,5.7,44.6,36.5,17.4,66.1,9.8,35.9,2.3,19.4,79.8,11.5,28.0,84.1,10.5,34.7,3.0,13.1
SC,Columbia,4516000,20.8,27.5,15.9,37.2,66.4,6.2,9.1,6.5,68.5,77.3,64.9,7.2,36.8,34.5,20.3,56.7,13.2,35.9,2.6,24.9,79.6,13.6,34.4,81.8,13.8,40.9,4.0,17.6
SC,Mount Pleasant,4548535,10.0,22.0,22.9,27.5,61.2,6.6,7.3,4.8,68.5,79.4,73.6,4.4,49.2,41.8,13.7,75.3,7.1,35.1,1.9,14.6,80.8,9.3,22.7,87.1,7.9,30.3,2.1,8.3
SC,North Charleston,4550875,25.2,28.1,16.8,37.4,67.6,6.0,9.7,7.0,69.5,76.6,61.5,8.1,38.2,30.0,23.7,52.0,13.7,36.7,2.8,28.4,76.3,14.9,35.5,79.4,15.0,40.6,4.3,22.1
SC,Rock Hill,4561405,20.1,27.6,14.6,40.6,65.3,6.1,9.4,6.3,66.7,76.9,63.3,7.2,32.1,32.0,21.7,57.5,12.0,34.6,2.5,24.2,73.2,13.5,33.8,80.8,13.4,40.0,3.5,17.3
SD,Rapid City,4652980,12.7,24.3,17.9,29.4,60.9,6.2,8.7,6.4,66.4,70.6,63.1,5.8,45.2,35.0,22.1,65.9,8.2,28.3,2.2,20.3,74.8,9.4,28.1,82.6,10.5,28.6,2.9,15.2
SD,Sioux Falls,4659020,11.8,22.7,18.7,28.1,60.8,6.1,8.5,6.0,70.1,72.6,66.2,5.3,42.6,36.3,19.0,69.4,7.7,30.0,2.0,19.8,79.1,8.6,30.5,85.4,9.2,27.4,2.7,14.8
TN,Chattanooga,4714000,18.5,27.7,11.0,39.2,67.3,6.1,9.9,7.2,74.5,76.3,61.6,8.5,35.1,35.3,24.1,54.2,12.6,31.6,3.1,29.2,80.4,15.4,35.1,83.2,15.6,38.1,3.8,22.1
TN,Clarksville,4715160,16.2,28.1,11.7,38.2,65.5,6.2,9.4,7.0,75.8,76.6,63.4,7.9,35.8,37.2,23.2,56.9,11.4,33.3,2.9,28.2,80.0,14.3,30.8,83.7,14.3,38.3,3.3,19.5
TN,Knoxville,4740000,17.4,29.7,10.8,35.7,66.6,6.5,10.0,7.1,74.7,76.9,62.6,8.6,38.3,39.8,25.4,56.4,11.2,31.8,3.0,27.7,77.1,15.2,32.4,82.8,15.6,39.0,3.4,21.1
TN,Memphis,4748000,22.6,28.3,9.6,42.2,69.1,5.8,10.9,7.5,78.2,76.4,61.3,8.9,29.6,32.8,24.4,49.5,14.9,33.1,3.4,31.6,79.0,16.2,36.3,83.9,17.0,39.8,4.6,26.7
TN,Murfreesboro,4751560,14.6,27.3,12.4,36.9,65.3,6.4,9.1,6.6,75.0,76.8,65.0,7.4,39.3,37.3,21.7,59.1,10.2,32.1,2.8,24.5,80.3,13.5,29.9,84.3,13.3,36.7,2.9,18.7
TN,Nashville,4752006,17.2,26.6,12.3,35.9,67.4,6.2,9.6,6.9,74.9,76.9,63.0,7.7,35.9,36.0,22.6,56.9,11.3,31.8,2.9,26.7,81.2,13.9,31.1,84.2,14.4,36.3,3.3,19.6
TX,Abilene,4801000,24.7,22.4,16.2,31.6,60.6,6.0,8.9,6.3,67.3,72.6,58.5,6.7,31.6,30.9,19.6,55.0,10.9,34.4,3.3,27.7,74.5,11.6,33.7,76.3,12.6,35.4,3.1,14.3
TX,Allen,4801924,13.0,18.8,18.7,27.1,58.2,6.1,7.4,4.6,71.4,78.5,67.5,4.2,35.5,38.1,12.0,71.7,7.8,30.2,2.7,18.8,80.0,7.9,24.2,83.0,7.8,32.1,2.1,8.6
TX,Amarillo,4803000,24.8,21.7,16.5,30.8,61.1,6.0,8.7,6.0,66.7,72.4,59.6,6.3,32.6,33.0,18.5,57.1,10.4,33.5,3.2,27.9,74.8,11.3,32.0,76.2,12.0,32.9,2.9,14.6
TX,Arlington,4804000,24.1,21.2,15.3,32.4,61.7,5.9,8.9,5.7,68.5,74.9,62.9,6.0,35.3,34.8,17.0,58.4,10.9,32.9,3.2,26.0,75.9,10.6,32.2,79.2,11.5,35.5,2.9,13.2
TX,Austin,4805000,20.9,17.8,18.9,28.5,58.1,5.7,7.7,5.3,67.2,74.4,61.1,5.0,34.1,31.9,13.2,63.7,9.7,33.5,2.8,21.4,77.1,9.6,26.0,82.6,10.2,29.0,2.6,10.4
TX,Baytown,4806128,30.9,21.6,15.8,33.4,61.7,5.5,8.8,6.4,67.8,73.3,56.5,6.9,28.5,29.8,18.2,53.1,12.3,34.7,3.2,30.0,75.1,12.2,34.4,76.6,13.3,35.9,3.4,16.6
TX,Beaumont,4807000,26.2,23.2,15.0,36.7,66.3,5.6,9.7,6.3,71.2,72.0,59.1,6.9,28.1,29.5,20.9,51.9,13.4,33.2,3.7,30.4,76.3,12.1,37.4,77.2,13.3,38.1,4.0,18.2
TX,Brownsville,4810768,46.7,20.7,12.8,33.7,60.7,4.3,8.4,7.2,63.4,65.3,44.9,6.3,27.3,20.0,17.7,44.3,16.9,35.8,3.6,37.7,67.5,13.2,39.9,72.4,17.4,35.1,3.5,19.6
TX,Bryan,4810912,28.7,21.5,14.5,33.3,63.1,5.7,9.1,6.4,70.0,72.7,60.9,6.8,34.9,31.3,18.2,61.1,12.6,33.3,3.5,29.2,76.3,12.3,34.8,76.4,13.7,33.6,3.5,14.1
TX,Carrollton,4813024,21.3,19.6,16.4,28.9,59.1,5.7,7.8,5.2,69.5,74.8,62.6,5.0,35.1,34.8,14.5,62.9,9.6,33.3,3.0,23.8,78.4,9.4,26.8,78.8,9.9,31.8,2.5,11.3
TX,College Station,4815976,17.4,19.4,15.4,31.1,62.2,6.1,8.1,5.5,70.6,73.1,67.4,5.4,38.9,34.9,13.9,71.2,9.5,33.0,3.0,21.8,78.6,9.8,28.3,77.8,10.2,30.3,2.7,9.7
TX,Corpus Christi,4817000,29.3,22.0,17.0,31.7,59.9,5.3,8.2,6.0,67.3,71.0,57.6,5.6,29.0,27.2,17.7,56.7,12.6,33.6,3.2,29.0,78.6,10.8,37.3,79.2,12.8,35.4,2.9,14.2
TX,Dallas,4819000,31.6,21.9,15.2,34.9,62.0,5.5,9.1,6.4,68.6,70.3,57.8,6.5,32.4,30.5,17.9,53.5,13.2,33.9,3.6,30.5,77.5,11.9,34.3,76.4,13.8,34.9,3.7,17.3
TX,Denton,4819972,21.1,21.6,16.4,30.1,60.9,6.1,8.5,5.6,69.4,75.6,61.3,6.0,35.4,33.2,16.9,59.4,9.7,34.0,3.2,24.1,76.5,10.5,29.9,77.2,11.0,32.3,2.8,12.1
TX,Edinburg,4822660,39.5,20.0,14.3,31.5,59.7,4.3,7.7,6.2,65.2,66.3,51.0,5.2,29.3,26.8,13.7,55.1,15.1,34.7,3.4,30.1,71.4,11.2,36.5,75.8,14.2,31.9,3.0,13.3
TX,El Paso,4824000,35.5,20.1,16.3,31.0,60.8,4.5,7.9,6.2,66.3,69.6,52.0,5.2,25.2,24.7,15.6,54.0,14.9,32.5,3.2,29.0,75.1,11.1,35.5,78.1,13.8,34.0,3.0,14.4
TX,Fort Worth,4827000,27.0,22.0,15.3,33.6,61.9,5.7,9.2,6.2,68.0,74.5,59.6,6.6,32.6,31.4,18.0,55.4,12.5,33.2,3.4,28.3,74.8,11.4,34.2,78.5,13.0,36.1,3.4,17.0
TX,Frisco,4827684,11.9,18.4,18.8,26.8,58.1,6.1,7.3,4.4,71.6,78.9,68.4,3.9,36.8,38.6,11.2,73.2,7.5,30.9,2.7,17.3,80.7,7.5,23.7,84.2,7.3,30.4,2.0,7.6
TX,Garland,4829000,28.8,21.2,15.6,31.7,60.0,5.6,8.6,6.0,67.9,70.9,59.2,6.3,33.5,32.2,17.4,56.2,11.5,33.6,3.3,29.2,77.0,11.3,30.8,76.1,12.6,34.0,3.1,15.5
TX,Grand Prairie,4830464,27.4,21.0,15.6,32.5,60.7,5.5,8.6,6.0,68.8,72.4,59.9,6.0,32.6,31.1,16.4,57.2,11.9,33.3,3.4,28.2,77.3,10.8,32.0,78.8,12.2,34.6,3.1,16.0
TX,Houston,4835000,31.1,20.5,14.9,35.1,62.9,5.2,8.5,6.1,68.9,72.8,57.6,6.1,28.4,30.2,16.4,53.9,13.0,34.8,3.2,29.7,77.2,11.4,33.9,76.5,12.9,36.0,3.5,16.0
TX,Irving,4837000,27.3,20.7,15.2,31.9,59.9,5.5,8.3,6.1,68.0,70.4,58.0,6.2,33.3,31.4,15.9,57.8,11.5,33.9,3.3,28.3,76.5,10.7,29.7,76.4,12.4,33.1,3.1,16.1
TX,Killeen,4839148,22.4,22.8,14.7,35.3,63.6,5.5,8.9,6.0,72.0,73.3,59.3,6.1,33.3,29.4,19.1,57.5,12.5,33.4,3.5,28.7,76.4,11.1,33.8,77.5,12.2,37.8,3.4,14.4
TX,Laredo,4841464,44.2,21.2,13.6,33.2,60.8,4.1,8.2,7.0,64.9,65.7,45.1,5.8,24.6,20.1,16.9,46.1,16.8,34.6,3.5,37.6,70.2,12.5,38.6,73.9,17.0,33.3,3.4,19.2
TX,League City,4841980,13.9,19.4,17.6,28.1,59.0,6.2,7.4,4.8,69.7,76.6,67.7,4.4,36.2,37.9,13.7,72.2,8.0,31.9,2.8,18.3,81.2,8.2,26.8,84.3,8.0,31.0,2.2,8.8
TX,Lewisville,4842508,20.2,20.8,16.8,28.6,59.6,5.8,8.1,5.4,70.2,77.3,61.3,5.5,33.9,32.6,15.6,61.3,9.7,33.3,3.1,23.8,77.0,9.7,28.3,79.2,10.4,32.3,2.6,13.2
TX,Longview,4843888,24.8,22.9,16.0,33.7,61.9,6.0,9.4,6.2,66.9,72.8,59.8,6.9,32.4,31.6,20.6,53.5,11.4,33.9,3.4,28.7,74.3,11.9,35.7,77.3,12.8,36.0,3.4,15.2
TX,Lubbock,4845000,24.7,22.4,16.3,31.8,60.8,5.8,8.5,6.0,67.4,71.3,59.3,6.0,34.0,31.3,18.2,57.5,10.9,33.4,3.2,27.8,75.4,11.0,33.0,77.4,12.0,33.5,3.0,13.3
TX,McAllen,4845384,38.0,20.1,14.3,31.1,59.5,4.4,7.8,6.2,65.4,66.6,51.4,5.3,29.6,26.7,13.3,56.3,14.6,34.6,3.4,29.5,71.0,11.1,35.6,75.6,14.0,31.4,3.0,14.2
TX,McKinney,4845744,16.3,19.9,18.9,28.2,58.8,6.1,7.8,5.0,70.9,77.9,65.7,4.8,34.8,35.8,13.5,68.3,8.6,30.4,2.9,20.9,78.9,8.8,27.0,82.8,9.0,32.8,2.4,11.2
TX,Mesquite,4847892,26.1,21.9,16.2,32.3,60.7,5.8,9.0,6.1,68.8,71.8,59.6,6.6,33.5,32.0,17.9,57.3,11.2,33.3,3.4,28.1,77.0,11.5,32.1,78.1,12.4,34.1,3.2,15.6
TX,Midland,4848072,23.1,20.6,17.6,31.1,59.2,5.8,8.1,5.6,67.9,74.2,61.7,5.4,32.4,32.7,16.9,60.4,10.2,31.1,3.1,25.8,76.4,10.1,32.1,81.1,10.8,33.7,2.7,12.7
TX,Mission,4848768,39.9,20.3,14.4,30.8,59.2,4.6,7.8,6.3,65.2,66.8,51.7,5.5,30.6,28.5,13.9,55.5,14.3,34.4,3.4,30.1,70.9,11.4,35.8,75.5,14.1,31.7,3.0,14.6
TX,Missouri City,4848804,17.8,19.0,15.1,33.4,63.2,5.3,8.0,4.8,72.4,79.3,65.0,4.3,30.6,32.8,13.3,63.4,10.6,33.9,3.0,23.5,80.5,8.6,29.0,82.5,8.9,36.4,2.7,10.1
TX,Odessa,4853388,29.0,21.7,17.0,31.7,59.6,5.6,8.5,6.2,64.9,70.2,56.2,6.1,29.9,30.2,18.2,53.7,11.7,35.1,3.3,30.1,74.6,11.3,35.0,78.6,12.8,35.3,3.0,15.9
TX,Pasadena,4856000,35.4,20.6,15.9,31.7,60.1,5.3,8.2,6.3,66.3,72.2,56.0,6.5,28.9,30.3,17.1,52.7,12.2,35.0,3.1,31.0,74.8,12.0,33.6,75.5,13.6,34.6,3.1,16.0
TX,Pearland,4856348,15.5,18.2,16.6,28.5,59.9,5.7,7.5,4.8,70.2,75.7,66.1,4.3,31.9,36.7,12.8,68.3,8.9,31.8,2.8,20.7,78.5,8.2,27.5,82.9,8.3,30.9,2.3,9.3
TX,Pharr,4857200,49.0,21.8,13.1,32.8,60.4,4.4,8.5,7.0,63.8,64.6,45.4,6.4,28.3,25.3,16.2,47.3,16.8,35.5,3.7,35.6,67.5,13.3,39.6,70.8,17.3,33.5,3.5,16.7
TX,Plano,4858016,14.7,18.6,17.7,27.4,58.5,6.0,7.3,4.6,71.3,77.7,66.7,4.1,35.7,38.1,11.8,70.5,8.0,30.5,2.7,19.6,79.8,7.9,24.0,81.9,7.9,32.3,2.1,8.6
TX,Richardson,4861796,16.2,18.8,17.2,29.2,58.8,6.0,7.5,4.8,69.7,73.7,66.4,4.5,37.6,38.0,12.7,68.8,8.3,32.3,2.9,20.6,80.2,8.4,24.7,80.6,8.6,30.9,2.3,9.1
TX,Round Rock,4863500,18.3,19.7,17.5,28.1,58.5,5.8,8.1,5.2,68.9,76.7,65.1,4.9,35.3,37.2,13.9,65.0,9.1,30.6,3.1,21.3,79.7,9.1,32.2,81.7,9.6,30.5,2.4,10.4
TX,San Angelo,4864472,26.6,22.0,16.8,31.8,60.5,5.8,8.5,6.1,66.4,72.1,56.4,6.3,30.9,31.1,18.7,55.6,11.3,33.5,3.2,28.7,74.0,11.2,34.2,76.8,12.3,33.5,2.9,14.9
TX,San Antonio,4865000,30.2,20.4,15.7,31.4,60.3,5.3,8.2,6.1,69.2,71.9,59.8,5.5,29.9,29.7,15.2,58.9,13.8,32.5,3.4,29.5,78.8,10.8,32.9,77.7,12.9,36.8,3.0,13.8
TX,Sugar Land,4870808,13.9,16.8,15.6,28.2,59.4,5.4,6.6,4.2,69.6,78.9,65.7,3.6,32.5,35.5,11.2,69.0,8.4,34.4,2.5,20.9,79.5,7.2,21.1,79.7,7.3,32.8,2.0,7.6
TX,Tyler,4874144,24.7,22.6,15.4,33.3,64.5,5.9,9.4,6.0,68.9,73.2,60.0,6.6,32.4,31.0,19.6,58.0,11.5,33.0,3.4,29.4,74.7,11.6,34.7,76.7,12.6,35.7,3.4,14.4
TX,Waco,4876000,29.7,23.9,15.1,36.5,64.2,5.7,9.7,6.5,67.1,70.9,56.3,7.4,29.0,30.2,20.8,49.1,13.1,34.7,3.6,31.6,74.3,12.8,36.4,74.5,14.4,35.9,3.7,17.2
TX,Wichita Falls,4879000,22.5,24.0,16.6,32.7,61.3,6.1,9.1,6.3,70.2,72.8,60.6,6.8,31.5,31.9,21.0,59.3,11.4,33.9,3.3,28.7,75.4,11.2,34.1,77.5,12.3,33.5,3.1,16.5
UT,Layton,4943660,13.1,22.4,9.5,27.0,53.3,5.8,9.0,4.9,59.2,71.8,70.4,4.1,41.8,31.2,9.7,71.2,7.7,33.0,2.4,16.9,73.3,10.0,27.0,77.9,10.0,32.0,2.5,10.6
UT,Ogden,4955980,22.7,25.1,9.9,31.5,55.6,5.8,10.1,6.0,59.9,67.0,61.7,5.6,29.6,25.2,15.4,60.1,10.4,34.1,3.1,23.1,66.6,12.9,33.9,70.6,14.4,36.8,3.2,18.4
UT,Orem,4957300,16.0,22.4,7.6,24.6,51.6,5.9,8.9,5.2,55.5,69.0,65.1,4.4,33.2,28.9,7.9,66.1,7.9,30.5,3.0,17.1,69.7,10.5,28.0,72.2,10.9,31.6,2.7,12.5
UT,Provo,4962470,18.6,22.7,7.1,25.8,52.7,5.8,9.3,5.2,54.9,66.9,64.0,4.6,33.6,29.3,8.4,63.0,8.3,31.1,3.1,18.3,69.3,11.3,29.4,69.3,11.8,32.2,2.8,11.6
UT,St. George,4965330,16.7,22.5,10.2,26.3,53.3,6.0,9.3,5.5,59.2,67.2,65.3,4.8,32.1,30.5,10.2,66.4,7.8,30.4,2.9,18.3,73.9,11.2,26.1,75.4,11.5,31.9,2.8,12.6
UT,Salt Lake City,4967000,17.7,21.4,11.6,27.2,53.4,5.9,9.3,5.2,58.5,68.2,66.9,4.5,35.2,31.6,11.2,64.2,9.1,32.8,2.8,19.0,73.3,11.1,28.2,77.7,11.8,32.0,2.8,13.3
UT,Sandy,4967440,11.0,20.2,13.5,24.4,51.4,6.1,8.7,4.6,59.8,71.5,72.8,3.8,37.4,34.9,9.8,72.2,7.1,31.5,2.5,15.0,76.4,9.6,24.7,82.6,9.1,30.2,2.3,10.5
UT,West Jordan,4982950,14.3,21.0,13.0,24.7,51.6,6.0,9.0,4.9,59.2,71.0,70.0,4.2,35.7,33.3,11.1,68.1,8.1,31.6,2.7,17.4,74.9,10.6,26.5,80.9,10.4,31.9,2.5,12.2
UT,West Valley City,4983470,22.9,22.9,11.2,27.3,53.2,5.7,9.8,5.9,57.5,67.9,62.5,5.5,31.5,27.4,13.7,57.2,10.5,32.9,3.1,23.6,70.1,12.9,30.4,74.7,14.0,34.7,3.3,19.2
VT,Burlington,5010675,10.1,24.4,18.0,27.9,54.0,6.2,10.9,5.3,62.4,73.2,67.9,5.9,32.6,33.6,16.3,69.8,7.1,26.5,2.5,17.7,79.6,11.4,22.6,82.1,10.4,28.7,2.6,13.9
VA,Alexandria,5101000,12.3,21.4,15.1,27.5,61.4,5.7,8.3,4.7,72.9,80.0,72.0,4.3,38.8,37.7,13.0,75.2,8.1,30.9,2.2,17.6,83.4,8.4,23.3,87.6,8.4,34.5,2.3,8.9
VA,Chesapeake,5116000,13.6,25.0,15.2,34.6,63.2,5.8,9.2,5.6,76.7,79.4,70.5,5.9,39.9,34.3,19.0,71.8,9.4,32.8,2.4,23.3,82.2,10.3,31.4,86.4,10.4,37.8,2.8,13.4
VA,Hampton,5135000,17.1,26.2,13.9,35.1,66.6,5.6,10.1,6.1,77.0,77.6,66.6,6.6,35.3,33.0,22.2,65.2,11.7,31.3,2.6,26.0,82.4,11.7,37.7,84.2,12.1,44.4,3.5,16.1
VA,Lynchburg,5147672,18.3,26.7,14.2,33.6,64.9,5.8,10.1,6.3,73.1,75.6,63.9,7.4,35.3,32.7,22.1,61.5,10.9,33.9,2.6,27.1,78.1,12.5,32.2,81.5,12.9,38.1,3.5,16.6
VA,Newport News,5156000,17.4,26.0,14.8,34.6,65.0,5.6,9.7,6.0,75.8,77.1,66.0,6.5,35.3,33.1,22.3,63.8,10.8,33.0,2.5,25.6,82.2,11.5,32.8,84.6,12.0,41.7,3.3,15.2
VA,Norfolk,5157000,17.9,27.0,16.2,34.7,64.4,5.5,9.6,6.2,76.6,76.6,64.5,7.0,34.7,31.9,22.4,62.8,11.6,33.5,2.7,26.7,82.2,11.9,33.1,82.6,12.5,39.9,3.6,17.7
VA,Portsmouth,5164000,18.9,28.0,14.3,36.8,66.1,5.6,10.6,6.4,78.0,76.2,66.1,7.3,36.3,31.9,22.8,59.1,12.5,35.2,2.7,28.7,82.0,12.6,38.6,83.0,13.1,40.0,3.9,19.3
VA,Richmond,5167000,19.8,25.4,15.0,39.5,67.0,5.5,10.6,6.4,73.2,76.7,63.4,7.3,35.8,30.9,24.3,62.2,12.5,33.5,2.7,25.7,81.8,12.5,33.1,81.8,13.4,40.0,4.0,19.2
VA,Roanoke,5168000,19.5,26.5,14.9,35.1,64.2,5.7,10.1,6.5,72.2,75.2,62.8,7.7,39.7,32.3,24.2,61.2,11.0,34.1,2.7,27.6,77.0,12.8,32.7,80.7,13.4,39.1,3.5,17.0
VA,Suffolk,5176432,15.6,25.3,14.4,32.0,65.3,5.6,9.6,5.8,76.2,77.9,67.5,6.3,40.0,33.6,21.4,65.4,10.7,31.2,2.5,25.7,82.2,11.2,33.6,85.1,11.2,39.3,3.2,16.1
VA,Virginia Beach,5182000,12.7,23.9,17.1,29.8,60.9,5.8,8.6,5.3,73.6,79.7,72.3,5.3,36.2,37.3,18.6,71.6,8.4,34.0,2.3,21.4,81.1,9.8,29.5,86.0,9.6,36.1,2.5,11.2
WA,Auburn,5303180,14.7,24.7,18.5,27.9,51.0,6.4,10.4,5.9,59.5,72.1,63.4,6.6,30.5,32.1,17.6,63.9,8.9,30.3,2.9,18.7,72.6,12.6,27.0,78.2,13.4,33.4,3.0,14.5
WA,Bellevue,5305210,8.0,19.6,18.2,25.4,49.6,6.2,8.1,4.2,61.7,73.2,71.2,3.6,34.8,39.8,9.6,76.6,6.5,29.3,2.4,12.2,78.5,7.9,18.8,82.2,8.0,29.1,2.0,6.7
WA,Bellingham,5305280,12.1,25.4,18.3,29.3,50.2,6.7,10.5,5.6,60.0,69.4,67.7,6.3,35.8,34.6,16.6,66.6,8.3,32.1,2.8,17.6,73.9,12.1,27.0,79.5,12.3,27.5,2.7,12.1
WA,Everett,5322640,14.5,27.3,16.0,31.5,51.3,6.5,10.3,6.0,61.3,72.4,64.9,6.8,32.4,32.5,18.2,62.7,9.5,33.0,3.1,20.4,76.6,12.6,32.3,79.4,13.2,35.7,2.9,12.9
WA,Federal Way,5323515,14.7,23.6,17.7,28.3,51.7,6.1,10.0,5.4,60.2,72.0,63.8,5.8,30.4,33.2,15.7,64.5,9.0,30.0,2.9,18.2,73.7,11.8,25.9,78.0,12.5,33.6,2.9,12.4
WA,Kennewick,5335275,16.8,25.2,18.0,29.2,52.2,6.5,10.6,6.3,61.6,70.2,65.0,7.0,29.9,34.5,18.6,61.2,9.5,33.0,2.9,21.6,74.7,13.1,31.2,78.2,13.8,33.1,3.0,15.4
WA,Kent,5335415,16.2,24.2,17.3,28.8,52.1,6.1,10.3,5.7,59.8,71.4,62.6,6.3,29.9,32.5,16.8,62.3,9.4,30.3,3.0,19.3,72.9,12.4,26.5,76.8,13.3,34.2,3.0,13.5
WA,Renton,5357745,12.7,22.4,17.7,27.6,51.3,6.0,9.4,5.0,61.0,72.6,65.7,5.1,30.9,35.1,14.1,67.6,8.4,29.7,2.8,16.8,75.4,10.6,23.5,79.2,11.1,32.9,2.6,10.9
WA,Seattle,5363000,9.5,21.3,19.1,27.3,50.9,6.3,9.2,4.6,61.1,72.7,68.9,4.4,32.7,37.1,11.7,73.0,7.5,29.7,2.6,13.6,77.2,9.5,22.4,82.3,9.6,29.9,2.4,8.4
WA,Spokane,5367000,12.9,27.3,18.5,29.8,52.0,6.9,10.6,6.1,63.1,68.5,67.4,6.9,32.2,33.6,19.6,62.5,9.0,33.0,2.9,19.7,76.3,12.9,32.6,79.2,13.2,32.9,3.0,14.0
WA,Spokane Valley,5367167,11.5,26.8,19.6,28.4,51.0,6.9,10.2,5.8,63.3,69.8,69.1,6.5,32.5,34.6,19.0,64.8,8.5,32.4,2.8,18.6,77.2,12.3,31.5,81.0,12.2,32.5,2.7,13.1
WA,Tacoma,5370000,14.1,25.9,16.9,32.6,53.8,6.3,10.9,5.9,63.4,69.9,63.7,6.7,33.4,31.0,20.2,63.2,9.6,33.8,3.0,21.6,75.6,12.7,30.8,77.1,13.1,37.7,3.0,14.0
WA,Vancouver,5374060,12.8,25.6,17.3,29.5,52.7,6.6,10.7,5.9,59.9,71.8,66.9,6.5,31.3,37.0,18.4,64.9,9.0,32.3,2.9,19.5,78.5,12.4,29.5,80.4,12.6,34.4,2.8,12.8
WA,Yakima,5380010,24.2,25.8,17.3,30.8,53.5,6.3,11.1,6.9,59.2,64.8,57.7,7.7,25.7,29.2,20.6,55.1,11.1,34.5,3.3,27.2,70.3,14.7,34.2,76.5,16.3,34.3,3.3,18.3
WV,Charleston,5414600,11.4,32.8,11.8,37.6,63.2,6.4,10.3,7.2,78.1,75.3,67.6,8.5,47.5,44.9,24.1,62.0,10.9,35.1,3.1,23.6,80.2,14.1,33.2,82.1,14.5,38.3,3.0,22.1
WI,Appleton,5502375,9.9,22.8,25.4,28.9,57.6,6.1,9.2,5.1,67.9,75.4,70.5,5.0,31.9,34.0,16.7,71.0,8.0,32.8,2.2,19.4,80.0,10.5,29.6,84.1,10.4,28.6,2.4,12.5
WI,Green Bay,5531000,13.7,25.2,24.0,30.5,58.1,6.0,10.1,5.9,68.6,72.6,66.8,6.1,34.1,28.2,20.5,67.1,9.3,33.6,2.4,23.2,79.9,12.3,32.3,82.4,12.6,32.0,2.9,15.2
WI,Kenosha,5539225,14.4,24.7,22.3,30.5,59.4,5.9,9.9,5.8,67.4,72.6,65.4,6.0,29.1,29.9,20.2,63.4,9.6,32.8,2.5,22.9,78.2,12.1,35.3,82.4,12.7,33.5,2.9,17.1
WI,Madison,5548000,9.9,22.1,22.7,27.4,60.1,5.9,9.4,4.8,68.2,75.2,71.1,4.5,36.0,34.4,14.0,73.4,7.6,31.6,2.1,17.7,79.9,9.8,27.5,84.8,9.7,30.3,2.3,9.8
WI,Milwaukee,5553000,19.1,26.9,19.8,38.1,63.4,5.6,11.9,6.1,71.1,71.7,62.9,6.7,30.2,25.0,23.7,57.4,13.1,33.3,3.0,28.6,79.0,13.8,39.0,81.5,15.1,40.8,3.9,19.7
WI,Racine,5566000,17.1,25.1,21.9,34.0,60.9,5.8,10.7,5.9,66.5,71.5,64.6,6.3,28.4,29.6,21.1,59.9,10.9,32.5,2.7,25.0,78.6,12.9,36.9,80.4,13.8,36.3,3.3,18.2
WI,Waukesha,5584250,10.1,21.8,23.5,28.0,57.9,6.0,9.3,5.1,66.0,74.8,66.8,4.8,33.1,33.5,16.8,72.0,8.0,30.5,2.3,18.9,80.5,10.2,30.7,84.6,10.0,29.7,2.4,11.8
WY,Cheyenne,5613900,17.2,23.3,16.4,28.7,57.2,5.9,9.5,5.7,60.2,71.3,57.8,6.4,33.2,28.4,21.8,65.3,8.0,30.7,2.5,24.2,72.1,10.5,29.6,79.0,10.7,31.4,2.5,15.7
